[
  {
    "Name": "CON-2025-0059",
    "Desc": "COT-2021101-02 / ODS_168 B Asistencia de emergencia transformadores T55, T56, T57 y T59",
    "Code": "CON-2025-0059",
    "Att1": "CODELCO - División El Teniente (DET)",
    "Att2": "Carlos Lent - Contratos"
  },
  {
    "Name": "CON-2025-0027",
    "Desc": "COT-2021101-02 / ODS_172 Pruebas a transformadores SE Traful Proyecto Andes Norte",
    "Code": "CON-2025-0027",
    "Att1": "CODELCO - División El Teniente (DET)",
    "Att2": "Carlos Lent - Contratos"
  },
  {
    "Name": "CON-2025-0025",
    "Desc": "COT-2021101-02 / ODS_175 Retiro de transformador Molino Unitario y posicionamiento de nuevo transformador",
    "Code": "CON-2025-0025",
    "Att1": "CODELCO - División El Teniente (DET)",
    "Att2": "Carlos Lent - Contratos"
  },
  {
    "Name": "CON-2025-0026",
    "Desc": "COT-2021101-02 / ODS_176 Mantenimiento básico de transformador Molino Unitario en Trafo Energy",
    "Code": "CON-2025-0026",
    "Att1": "CODELCO - División El Teniente (DET)",
    "Att2": "Carlos Lent - Contratos"
  },
  {
    "Name": "CON-2025-0051",
    "Desc": "COT-2021101-02 / ODS_181 Asistencia a transformador T31 para toma de muestra, pruebas eléctricas y retiro para revisión en taller.",
    "Code": "CON-2025-0051",
    "Att1": "CODELCO - División El Teniente (DET)",
    "Att2": "Carlos Lent - Contratos"
  },
  {
    "Name": "CON-2025-0052",
    "Desc": "COT-2021101-02 / ODS_182 Reparación de dos TTPP Westinghouse 66kV, en taller Lubrisider.",
    "Code": "CON-2025-0052",
    "Att1": "CODELCO - División El Teniente (DET)",
    "Att2": "Carlos Lent - Contratos"
  },
  {
    "Name": "CON-2025-0053",
    "Desc": "COT-2021101-02 / ODS_183 Reparación de filtración y pruebas básicas a Transformador T56",
    "Code": "CON-2025-0053",
    "Att1": "CODELCO - División El Teniente (DET)",
    "Att2": "Carlos Lent - Contratos"
  },
  {
    "Name": "CON-2025-0055",
    "Desc": "COT-2021101-02 / ODS_184 Inspección y relleno de aceite TCOM 1 y 2",
    "Code": "CON-2025-0055",
    "Att1": "CODELCO - División El Teniente (DET)",
    "Att2": "Carlos Lent - Contratos"
  },
  {
    "Name": "CON-2025-0058",
    "Desc": "COT-2021101-02 / ODS_185 Reparación en taller Lubrisider Transformador T31",
    "Code": "CON-2025-0058",
    "Att1": "CODELCO - División Andina (AND)",
    "Att2": "Carlos Lent - Contratos"
  },
  {
    "Name": "CON-2025-0063",
    "Desc": "COT-2021101-02 / ODS_186 Retiro de aceite y toma de muestra a transformadores T3 y T5 nuevos.",
    "Code": "CON-2025-0063",
    "Att1": "CODELCO - División El Teniente (DET)",
    "Att2": "Carlos Lent - Contratos"
  },
  {
    "Name": "CON-2025-0070",
    "Desc": "COT-2021101-02 / ODS_187 Pruebas preliminares a transformadores T3 y T5 nuevos SE Colina",
    "Code": "CON-2025-0070",
    "Att1": "CODELCO - División El Teniente (DET)",
    "Att2": "Carlos Lent - Contratos"
  },
  {
    "Name": "CON-2025-0071",
    "Desc": "COT-2021101-02 / ODS_188 Toma de muestras a 10 bins de transformadores T3 y T5 nuevos SE Colina",
    "Code": "CON-2025-0071",
    "Att1": "CODELCO - División El Teniente (DET)",
    "Att2": "Carlos Lent - Contratos"
  },
  {
    "Name": "CON-2025-0072",
    "Desc": "COT-2021101-02 / ODS_189 Relleno y tratamiento de aceite a transformadores T3 y T5 nuevos SE Colina",
    "Code": "CON-2025-0072",
    "Att1": "CODELCO - División El Teniente (DET)",
    "Att2": "Carlos Lent - Contratos"
  },
  {
    "Name": "CON-2025-0073",
    "Desc": "COT-2021101-02 / ODS_190 Pruebas a transformadores T3 y T5 nuevos SE Colina",
    "Code": "CON-2025-0073",
    "Att1": "CODELCO - División El Teniente (DET)",
    "Att2": "Carlos Lent - Contratos"
  },
  {
    "Name": "CON-2025-0074",
    "Desc": "COT-2021101-02 / ODS_191 Retiro total de aceite transformador T5 antiguo SE Colina",
    "Code": "CON-2025-0074",
    "Att1": "CODELCO - División El Teniente (DET)",
    "Att2": "Carlos Lent - Contratos"
  },
  {
    "Name": "CON-2025-0078",
    "Desc": "COT-2021101-02 / ODS_192 Retiro total de aceite transformador T4 antiguo SE Colina",
    "Code": "CON-2025-0078",
    "Att1": "CODELCO - División El Teniente (DET)",
    "Att2": "Carlos Lent - Contratos"
  },
  {
    "Name": "CON-2025-0085",
    "Desc": "COT-2021101-02 / ODS_193 Tomas de muestras Codelco Teniente",
    "Code": "CON-2025-0085",
    "Att1": "CODELCO - División El Teniente (DET)",
    "Att2": "Carlos Lent - Contratos"
  },
  {
    "Name": "CON-2025-0086",
    "Desc": "COT-2021101-02 / ODS_194 Servicio de emergencia nocturno transformador vdf 507, N°20010009-02",
    "Code": "CON-2025-0086",
    "Att1": "CODELCO - División El Teniente (DET)",
    "Att2": "Carlos Lent - Contratos"
  },
  {
    "Name": "CON-2025-0048",
    "Desc": "COT-2021101-02 / ODS_195 Servicio de emergencia retiro transformador vdf 507, N°20010009-02",
    "Code": "CON-2025-0048",
    "Att1": "CODELCO - División El Teniente (DET)",
    "Att2": "Carlos Lent - Contratos"
  },
  {
    "Name": "CON-2025-0091",
    "Desc": "COT-2021101-02 / ODS_196 Mantenimiento correctivo Básico transformador seco vdf 507, N°20010009-02 en taller Lubrisider",
    "Code": "CON-2025-0091",
    "Att1": "CODELCO - División El Teniente (DET)",
    "Att2": "Carlos Lent - Contratos"
  },
  {
    "Name": "CON-2025-0097",
    "Desc": "COT-2021101-02 / ODS_197 Inspección y pruebas eléctricas transformador seco ABB N°76070 en taller Lubrisider",
    "Code": "CON-2025-0097",
    "Att1": "CODELCO - División El Teniente (DET)",
    "Att2": "Carlos Lent - Contratos"
  },
  {
    "Name": "CON-2025-0054",
    "Desc": "COT-2021101-02 / ODS_76 Pruebas Eléctricas y toma de muestra Transformador TM2 SAG",
    "Code": "CON-2025-0054",
    "Att1": "CODELCO - División Andina (AND)",
    "Att2": "Carlos Lent - Contratos"
  },
  {
    "Name": "CON-2025-0057",
    "Desc": "COT-2021101-02 / ODS_77 Asistencia de urgencia por pruebas eléctricas a dos transformadores 1MVA",
    "Code": "CON-2025-0057",
    "Att1": "CODELCO - División Andina (AND)",
    "Att2": "Carlos Lent - Contratos"
  },
  {
    "Name": "CON-2025-0064",
    "Desc": "COT-2021101-02 / ODS_78 Inspección de transformador 5 MVA por bobina quemada",
    "Code": "CON-2025-0064",
    "Att1": "CODELCO - División Andina (AND)",
    "Att2": "Carlos Lent - Contratos"
  },
  {
    "Name": "CON-2025-0081",
    "Desc": "COT-2021101-02 / ODS_79 Inspección y mantenimiento básico de transformador 15 MVA, RHONA N° 18820 en taller Lubrisider",
    "Code": "CON-2025-0081",
    "Att1": "CODELCO - División Andina (AND)",
    "Att2": "Carlos Lent - Contratos"
  },
  {
    "Name": "CON-2025-0082",
    "Desc": "COT-2021101-02 / ODS_80 Urgencia por ayuda en retiro de radiadores en transformador TM2 que llegara a taller.",
    "Code": "CON-2025-0082",
    "Att1": "CODELCO - División Andina (AND)",
    "Att2": "Carlos Lent - Contratos"
  },
  {
    "Name": "CON-2025-0088",
    "Desc": "COT-2021101-02 / ODS_81 Servicio de toma de muestras",
    "Code": "CON-2025-0088",
    "Att1": "CODELCO - División Andina (AND)",
    "Att2": "Carlos Lent - Contratos"
  },
  {
    "Name": "CON-2025-0096",
    "Desc": "COT-2021101-02 / ODS_82 Reparación Transformador 25 kVA Seco N°33532 en taller Lubrisider",
    "Code": "CON-2025-0096",
    "Att1": "CODELCO - División Andina (AND)",
    "Att2": "Carlos Lent - Contratos"
  },
  {
    "Name": "CON-2025-0089",
    "Desc": "COT-2021101-02 / Servicio de emergencia retiro transformador vdf 507, N°20010009-02",
    "Code": "CON-2025-0089",
    "Att1": "CODELCO - División El Teniente (DET)",
    "Att2": "Carlos Lent - Contratos"
  },
  {
    "Name": "CON-2025-0094",
    "Desc": "COT-2021349-11 / ODS 60_DGP LC 160625",
    "Code": "CON-2025-0094",
    "Att1": "MINERA ESCONDIDA BHP Billiton",
    "Att2": "Hector Leiva - Contratos"
  },
  {
    "Name": "CON-2025-0034",
    "Desc": "COT-2023307-00 / ODS_12 Trabajos anuales de muestras de aceite y mediciones de malla a tierra",
    "Code": "CON-2025-0034",
    "Att1": "MINERA ANTUCOYA",
    "Att2": "Carlos Lent - Contratos"
  },
  {
    "Name": "CON-2025-0090",
    "Desc": "COT-2023307-00 / ODS_14 Toma de muestra y análisis de aceite",
    "Code": "CON-2025-0090",
    "Att1": "MINERA ANTUCOYA",
    "Att2": "Carlos Lent - Contratos"
  },
  {
    "Name": "SER-2025-0035",
    "Desc": "COT-2023900-00 / ODS SN /SERV. SUMINISTRO y REEMPLAZO RELE SOBRE PRESION DE ACEITE EN PARQUE SAN PEDRO",
    "Code": "SER-2025-0035",
    "Att1": "ENGIE ENERGIA CHILE S.A.",
    "Att2": "Hector Leiva - Contratos"
  },
  {
    "Name": "CON-2025-0069",
    "Desc": "COT-2025114-02 / ODS_01 Chequeo de fugas y tratamiento de aceite",
    "Code": "CON-2025-0069",
    "Att1": "SIERRA GORDA SOCIEDAD CONTRACTUAL MINERA",
    "Att2": "Daniel Moragas - Contratos"
  },
  {
    "Name": "SER-2025-0067",
    "Desc": "COT-2025150-01 / Ser. de Mantención- CAPSTONE COPPER - MANTOS BLANCOS",
    "Code": "SER-2025-0067",
    "Att1": "Capstone Copper Mantos Blancos",
    "Att2": "Sebastián Gómez - Contratos"
  },
  {
    "Name": "SER-2025-0041",
    "Desc": "COT-2025169-00 / Ensayos Eléctricos a Transformador Seco Rhona de 2000 KVA 33/0,6 kV, Div. El Teniente",
    "Code": "SER-2025-0041",
    "Att1": "SIEMENS S.A.",
    "Att2": "Carlos Lent - Contratos"
  },
  {
    "Name": "SER-2025-0058",
    "Desc": "COT-2025238-00 / Ensayos Eléctricos a Transformador Seco Rhona de 1.250 KVA 33/0,6 kV",
    "Code": "SER-2025-0058",
    "Att1": "SIEMENS S.A.",
    "Att2": "Carlos Lent - Contratos"
  },
  {
    "Name": "SER-2025-0095",
    "Desc": "COT-2025243-00 / Serv. Mantención correctiva de Tr, CH, de 750 KVA_ (PPT-2025037-00)",
    "Code": "SER-2025-0095",
    "Att1": "ENEL DISTRIBUCION CHILE S.A.",
    "Att2": "Hector Leiva - Contratos"
  },
  {
    "Name": "SER-2025-0068",
    "Desc": "COT-2025257-01 / Cambio Empaquetadura Transf/Rec 221-BC1",
    "Code": "SER-2025-0068",
    "Att1": "OCCIDENTAL CHEMICAL CHILE",
    "Att2": "Hector Leiva - Contratos"
  },
  {
    "Name": "SER-2025-0077",
    "Desc": "COT-2025266-01 / Montaje, llenado y pruebas de dos (02) transformadores 220 / 33; 40 MVA en Subestación Mauro de Minera Los Pelambres.",
    "Code": "SER-2025-0077",
    "Att1": "COXABENGOA",
    "Att2": "Carlos Lent - Contratos"
  },
  {
    "Name": "SER-2025-0064",
    "Desc": "COT-2025275-00 / Armado de transformador seco COMTRAFO 33/0,6 kV – 2.000 KVA, en taller.",
    "Code": "SER-2025-0064",
    "Att1": "SIEMENS S.A.",
    "Att2": "Carlos Lent - Contratos"
  },
  {
    "Name": "SER-2025-0089",
    "Desc": "COT-2025321-02 / Servicio de mantención de SE principal 220 kV MB y mantención a transformadores",
    "Code": "SER-2025-0089",
    "Att1": "Capstone Copper Mantos Blancos",
    "Att2": "Carlos Lent - Contratos"
  },
  {
    "Name": "SER-2025-0074",
    "Desc": "COT-2025346-00 / Servicio de descarga y posicionamiento de dos (02) transformador 220 / 33; 40 MVA en Subestación Mauro de Minera Los Pelambres.",
    "Code": "SER-2025-0074",
    "Att1": "COXABENGOA",
    "Att2": "Carlos Lent - Contratos"
  },
  {
    "Name": "SER-2025-0092",
    "Desc": "COT-2025366-00 / Repetición servicio de ensayos eléctricos a Transformador NT02",
    "Code": "SER-2025-0092",
    "Att1": "SIEMENS S.A.",
    "Att2": "Carlos Lent - Contratos"
  },
  {
    "Name": "SER-2025-0073",
    "Desc": "COT-2025366-00 / Servicio de Ensayos Eléctricos a Transformador NT02",
    "Code": "SER-2025-0073",
    "Att1": "SIEMENS S.A.",
    "Att2": "Carlos Lent - Contratos"
  },
  {
    "Name": "SER-2025-0090",
    "Desc": "COT-2025469-00 / Pruebas eléctricas a transformador seco",
    "Code": "SER-2025-0090",
    "Att1": "SIEMENS S.A.",
    "Att2": "Carlos Lent - Contratos"
  },
  {
    "Name": "SER-2025-0098",
    "Desc": "COT-2025477-00 / Garantía Cerro Dominador / Eliminación de filtraciones Trafo Energy S.A.",
    "Code": "SER-2025-0098",
    "Att1": "TRAFO ENERGY S.A.",
    "Att2": "Rodrigo Brito - Contratos"
  },
  {
    "Name": "SER-2025-0091",
    "Desc": "COT-2025478-00 / Garantía Trafo Chacabuco TR 3125 KVA, 23.000/600 V",
    "Code": "SER-2025-0091",
    "Att1": "TRAFO ENERGY S.A.",
    "Att2": "Carlos Lent - Contratos"
  },
  {
    "Name": "SER-2025-0096",
    "Desc": "COT-2025492-00 / Servicio de inspección visual de transformador, ubicado en Bodega Maitenes",
    "Code": "SER-2025-0096",
    "Att1": "SIEMENS S.A.",
    "Att2": "Carlos Lent - Contratos"
  },
  {
    "Name": "SER-2025-0097",
    "Desc": "COT-2025534-00 / Servicio de tratamiento de aceite para transformador 3.125 kVA 23 kV / 600 V, ubicados en PFV Chacabuco",
    "Code": "SER-2025-0097",
    "Att1": "ENFRAGEN",
    "Att2": "Carlos Lent - Contratos"
  },
  {
    "Name": "SER-2025-0100",
    "Desc": "COT-2025549-00 / Garantía retiro de transformador Chacabuco",
    "Code": "SER-2025-0100",
    "Att1": "TRAFO ENERGY S.A.",
    "Att2": "Carlos Lent - Contratos"
  },
  {
    "Name": "LAB-2025-0019",
    "Desc": "COT-LB2025517-00 / 04 TM Planta EKA Talcahuano",
    "Code": "LAB-2025-0019",
    "Att1": "EKA CHILE S.A.",
    "Att2": "Daniel Moragas - Contratos"
  },
  {
    "Name": "SER-2025-0094",
    "Desc": "COT-2025417-00 / Medición Resistencia Aislación",
    "Code": "SER-2025-0094",
    "Att1": "Generacion Solar SpA",
    "Att2": "Daniel Moragas - Contratos"
  },
  {
    "Name": "CON-2025-0018",
    "Desc": "COT-2021101-02 / ODS_73 Trabajos por parada de planta Abril 2025",
    "Code": "CON-2025-0018",
    "Att1": "CODELCO - División Andina (AND)",
    "Att2": "Carlos Lent - Contratos"
  },
  {
    "Name": "CON-2025-0087",
    "Desc": "COT-2025122-01 / ODS_05 Mtto Correctivo TR Secado L4 SQM",
    "Code": "CON-2025-0087",
    "Att1": "SQM INDUSTRIAL S.A.",
    "Att2": "Daniel Moragas - Contratos"
  },
  {
    "Name": "SER-2025-0051",
    "Desc": "COT-2025131-01 / 01 TR Zig-Zag Traslado e instalación",
    "Code": "SER-2025-0051",
    "Att1": "SIEMENS ENERGY SpA",
    "Att2": "Daniel Moragas - Contratos"
  },
  {
    "Name": "LAB-2025-0013",
    "Desc": "COT-LB2025274-00 / CAF TURNKEY / Ser. Toma de Muestras /Mejillones",
    "Code": "LAB-2025-0013",
    "Att1": "CAF TURNKEY & ENGINEERING, S.L., DE, Jonathan Navarrete Rojas",
    "Att2": "Daniel Moragas - Contratos"
  },
  {
    "Name": "LAB-2025-0014",
    "Desc": "COT-LB2025274-00 / CAF TURNKEY / Ser. Toma de Muestras /Ovalle",
    "Code": "LAB-2025-0014",
    "Att1": "CAF TURNKEY & ENGINEERING, S.L., DE, Jonathan Navarrete Rojas",
    "Att2": "Daniel Moragas - Contratos"
  },
  {
    "Name": "LAB-2025-0018",
    "Desc": "COT-LB2025297-01 / 01 Toma de Muestra Cerro Dominador",
    "Code": "LAB-2025-0018",
    "Att1": "ACCIONA CERRO DOMINADOR",
    "Att2": "Daniel Moragas - Contratos"
  },
  {
    "Name": "SER-2025-0085",
    "Desc": "COT-2025334-00 / Adicionales Mantencion TR 2 MVA - Antay",
    "Code": "SER-2025-0085",
    "Att1": "ENFRAGEN",
    "Att2": "Carlos Lent - Contratos"
  },
  {
    "Name": "SER-2025-0084",
    "Desc": "COT-2025375-00 / Mantención correctiva TR  3125 KVA, 23.000/600 Volts.",
    "Code": "SER-2025-0084",
    "Att1": "ENFRAGEN",
    "Att2": "Carlos Lent - Contratos"
  },
  {
    "Name": "SER-2025-0086",
    "Desc": "COT-2025388-00 / Ensayos eléctricos TR 3125 kVA Chacabuco",
    "Code": "SER-2025-0086",
    "Att1": "ENFRAGEN",
    "Att2": "Carlos Lent - Contratos"
  },
  {
    "Name": "LAB-2025-0017",
    "Desc": "COT-LB2025465-01 / Tom Muestras PFV Sol de Lila",
    "Code": "LAB-2025-0017",
    "Att1": "ENEL GREEN POWER SOL LILA",
    "Att2": "Daniel Moragas - Contratos"
  },
  {
    "Name": "SER-2025-0029",
    "Desc": "COT-2025069-00 / Puerto Antofagasta Inspección y pruebas a 02 ATR en",
    "Code": "SER-2025-0029",
    "Att1": "SIEMENS ENERGY SpA",
    "Att2": "Daniel Moragas - Contratos"
  },
  {
    "Name": "SER-2025-0030",
    "Desc": "COT-2025069-00 / SE Horizonte II Inspección y pruebas a 02 ATR",
    "Code": "SER-2025-0030",
    "Att1": "SIEMENS ENERGY SpA",
    "Att2": "Daniel Moragas - Contratos"
  },
  {
    "Name": "CON-2025-0079",
    "Desc": "COT-2021349-11 / ODS 59_ SD LS L1_25 DE JUNIO",
    "Code": "CON-2025-0079",
    "Att1": "Minera Escondida BHP MEL",
    "Att2": "Hector Leiva - Contratos"
  },
  {
    "Name": "SER-2025-0050",
    "Desc": "COT-2025131-01 / 01 TR Zig-Zag Inspección en Taller",
    "Code": "SER-2025-0050",
    "Att1": "SIEMENS ENERGY SpA",
    "Att2": "Daniel Moragas - Contratos"
  },
  {
    "Name": "SER-2025-0075",
    "Desc": "COT-2025225-00 / Servicio de cambio de CST de Transformador WEG 20 MVA",
    "Code": "SER-2025-0075",
    "Att1": "WEG CHILE SPA",
    "Att2": "Hector Leiva - Contratos"
  },
  {
    "Name": "CON-2025-0076",
    "Desc": "COT-2025291-00 / ODS 30_ Filtrado y Cambio de Aceite Tr aéreos Est. de Bombeo",
    "Code": "CON-2025-0076",
    "Att1": "CODELCO - División Salvador",
    "Att2": "Hector Leiva - Contratos"
  },
  {
    "Name": "SER-2025-0099",
    "Desc": "COT-LB2025505-01/Toma de muestra Planta El Peñón / SE ENLASA Coquimbo",
    "Code": "SER-2025-0099",
    "Att1": "ENLASA - El Peñón",
    "Att2": "Rodrigo Brito - Contratos"
  },
  {
    "Name": "CON-2025-0092",
    "Desc": "ODS 21_Toma de muestras y análisis de aceite (Junio-25)",
    "Code": "CON-2025-0092",
    "Att1": "ENAP Bio Bio",
    "Att2": "Hector Leiva - Contratos"
  },
  {
    "Name": "SER-2025-0072",
    "Desc": "COT 2024710-00 Rev.1 / Transformador MT–7.5 MVA.",
    "Code": "SER-2025-0072",
    "Att1": "CIA CONTRACTUAL MINERA CANDELARIA",
    "Att2": "Hector Leiva - Contratos"
  },
  {
    "Name": "SER-2025-0061",
    "Desc": "COT-2025140-00 / SERV. MANTENIMIENTO CTBC TRANSFORMADOR REGULADOR",
    "Code": "SER-2025-0061",
    "Att1": "ENEL",
    "Att2": "Hector Leiva - Contratos"
  },
  {
    "Name": "SER-2025-0070",
    "Desc": "COT-2025283-00 / Servicio de Traslado, Inspeccion y Diagnostico / ENFRAGEN",
    "Code": "SER-2025-0070",
    "Att1": "ENFRAGEN",
    "Att2": "Carlos Lent - Contratos"
  },
  {
    "Name": "SER-2025-0069",
    "Desc": "COT-2025329-03 / Serv. Ensayos Electricos / PRIME Chacabuco",
    "Code": "SER-2025-0069",
    "Att1": "ENFRAGEN",
    "Att2": "Carlos Lent - Contratos"
  },
  {
    "Name": "SER-2025-0079",
    "Desc": "COT-2025330-00 / Servicio de Integración Metalmecánica de Subestación Unitaria. (Taller) / Codelco DSAL",
    "Code": "SER-2025-0079",
    "Att1": "MAESTRANZA Y MECANIZADOS LIMITADA.",
    "Att2": "Hector Leiva - Contratos"
  },
  {
    "Name": "SER-2025-0080",
    "Desc": "COT-2025340-00 / Suministro de Instrumentos de Transformador para Integración de Subestación Unitaria",
    "Code": "SER-2025-0080",
    "Att1": "MAESTRANZA Y MECANIZADOS LIMITADA.",
    "Att2": "Hector Leiva - Contratos"
  },
  {
    "Name": "LAB-2025-0010",
    "Desc": "COT-LB2025242-01 (ítem 1) / Toma de Muestras - ELECNOR CHILE",
    "Code": "LAB-2025-0010",
    "Att1": "ELECNOR CHILE",
    "Att2": "Sebastián Gómez - Contratos"
  },
  {
    "Name": "CON-2025-0024",
    "Desc": "COT-2021101-02 / ODS_174 Pruebas eléctricas y análisis de aceite a transformador de reemplazo Molino Unitario",
    "Code": "CON-2025-0024",
    "Att1": "CODELCO - División El Teniente (DET)",
    "Att2": "Carlos Lent - Contratos"
  },
  {
    "Name": "CON-2025-0044",
    "Desc": "COT-2021101-02 / ODS_75 Mantenimiento correctivo Básico dos Transformador 25 kVA Seco en taller Lubrisider",
    "Code": "CON-2025-0044",
    "Att1": "CODELCO - División Andina (AND)",
    "Att2": "Carlos Lent - Contratos"
  },
  {
    "Name": "CON-2025-0023",
    "Desc": "COT-2021101-02 / ODS_173 Relleno de aceite a transformadores TCOM",
    "Code": "CON-2025-0023",
    "Att1": "CODELCO - División El Teniente (DET)",
    "Att2": "Carlos Lent - Contratos"
  },
  {
    "Name": "CON-2025-0005",
    "Desc": "COT-2021101-02 / ODS_168 Parada de planta actividades MMSAG y MGA 2025",
    "Code": "CON-2025-0005",
    "Att1": "CODELCO - División El Teniente (DET)",
    "Att2": "Carlos Lent - Contratos"
  },
  {
    "Name": "SER-2025-0031",
    "Desc": "COT-2024808-01 / Mantención de Salas Eléctricas y Switchgear",
    "Code": "SER-2025-0031",
    "Att1": "Capstone Copper Mantos Blancos",
    "Att2": "Carlos Lent - Contratos"
  },
  {
    "Name": "CON-2025-0009",
    "Desc": "COT-2021101-02 / ODS_170 Reparación de bombas, tratamiento de aceite y pruebas eléctricas a TR T5 SEColina",
    "Code": "CON-2025-0009",
    "Att1": "CODELCO - División El Teniente (DET)",
    "Att2": "Carlos Lent - Contratos"
  },
  {
    "Name": "SER-2025-0037",
    "Desc": "COT-2025076-01 / Inspección y diagnóstico de falla de transformador TAG 02372-TBT-03 en Taller",
    "Code": "SER-2025-0037",
    "Att1": "SIEMENS S.A.",
    "Att2": "Carlos Lent - Contratos"
  },
  {
    "Name": "CON-2025-0056",
    "Desc": "COT-2022059-00 / ODS _19 Servicio toma de Muestra y Análisis de Aceite",
    "Code": "CON-2025-0056",
    "Att1": "ENAP REFINERIA ACONCAGUA - ERA",
    "Att2": "Hector Leiva - Contratos"
  },
  {
    "Name": "SER-2025-0093",
    "Desc": "COT 2025501-00 / ODS SN _ Servicio de fabricación de 03 mufas.",
    "Code": "SER-2025-0093",
    "Att1": "CODELCO - División Salvador",
    "Att2": "Hector Leiva - Contratos"
  },
  {
    "Name": "CON-2025-0062",
    "Desc": "COT-2021349-11/ ODS 57_OUT CLS L1 _23 de Abril",
    "Code": "CON-2025-0062",
    "Att1": "Minera Escondida BHP MEL",
    "Att2": "Hector Leiva - Contratos"
  },
  {
    "Name": "CON-2025-0080",
    "Desc": "COT-2021629-01 / ODS20_ Cambio de Aceite 2 tr SH-8 /MEROX",
    "Code": "CON-2025-0080",
    "Att1": "ENAP Bio Bio",
    "Att2": "Hector Leiva - Contratos"
  },
  {
    "Name": "CON-2025-0038",
    "Desc": "COT-2023413-04 / ODS 54 / SD  LS L2 - 26 de Marzo",
    "Code": "CON-2025-0038",
    "Att1": "Minera Escondida BHP MEL",
    "Att2": "Hector Leiva - Contratos"
  },
  {
    "Name": "CON-2025-0084",
    "Desc": "COT-2023537-03 / ODS 23_ TM y Analisis de Aceite (SUMINISTROS)",
    "Code": "CON-2025-0084",
    "Att1": "CODELCO - División Salvador",
    "Att2": "Hector Leiva - Contratos"
  },
  {
    "Name": "CON-2025-0066",
    "Desc": "COT-2023643-05 / ODS_32 Toma muestras PCB y Limp. Bateas / Enel Distribución",
    "Code": "CON-2025-0066",
    "Att1": "ENEL DISTRIBUCION CHILE S.A.",
    "Att2": "Rodrigo Brito - Contratos"
  },
  {
    "Name": "CON-2025-0083",
    "Desc": "COT-2023643-05 / ODS_33 Toma muestras PCB / Enel Distribución / Inspección y diagnóstico 2 TD",
    "Code": "CON-2025-0083",
    "Att1": "ENEL DISTRIBUCION CHILE S.A.",
    "Att2": "Rodrigo Brito - Contratos"
  },
  {
    "Name": "CON-2025-0095",
    "Desc": "COT-2023643-05 / ODS_35 Toma de muestras PCB y limpieza de bateas / Enel Distribución",
    "Code": "CON-2025-0095",
    "Att1": "ENEL DISTRIBUCION CHILE S.A.",
    "Att2": "Rodrigo Brito - Contratos"
  },
  {
    "Name": "CON-2025-0045",
    "Desc": "COT-2023825-01 / Mantenimiento Mayor mayo Planta GMD Contrato 4540007295 MCEN",
    "Code": "CON-2025-0045",
    "Att1": "MINERA CENTINELA - Antofagasta Minerals",
    "Att2": "Rodrigo Brito - Contratos"
  },
  {
    "Name": "CON-2025-0093",
    "Desc": "COT-2023958-00 / Despacho Transformador Schaffner (SER-2024-561)",
    "Code": "CON-2025-0093",
    "Att1": "Enap Aconcagua",
    "Att2": "Hector Leiva - Contratos"
  },
  {
    "Name": "SER-2025-0056",
    "Desc": "COT-2024607-00 / ODS_25 Mantenimiento Correctivo ATR _ S CDXS 01-2023_ Enel Distribución",
    "Code": "SER-2025-0056",
    "Att1": "ENEL DISTRIBUCION CHILE S.A.",
    "Att2": "Rodrigo Brito - Contratos"
  },
  {
    "Name": "CON-2025-0037",
    "Desc": "COT-2024673-00 / ODS 8 / SD ABRIL 2025 (CONCENTRADORA)",
    "Code": "CON-2025-0037",
    "Att1": "Minera caserones",
    "Att2": "Hector Leiva - Contratos"
  },
  {
    "Name": "CON-2025-0075",
    "Desc": "COT-2025080-01 / ODS 22_Reparacion Caja de Conexión/ Toppin",
    "Code": "CON-2025-0075",
    "Att1": "ENAP REFINERIA ACONCAGUA - ERA",
    "Att2": "Hector Leiva - Contratos"
  },
  {
    "Name": "CON-2025-0068",
    "Desc": "COT-2025080-01 / ODS _21: Servicio de cambio aceite 6 Tr / Topping 1",
    "Code": "CON-2025-0068",
    "Att1": "ENAP REFINERIA ACONCAGUA - ERA",
    "Att2": "Hector Leiva - Contratos"
  },
  {
    "Name": "SER-2025-0062",
    "Desc": "COT-2025233-01 / OC_4500044037 Siemens Energy Spa Pruebas ensayos SFRA 02 Transformadores MCEN",
    "Code": "SER-2025-0062",
    "Att1": "SIEMENS ENERGY SpA",
    "Att2": "Rodrigo Brito - Contratos"
  },
  {
    "Name": "SER-2025-0076",
    "Desc": "COT-2025326-01 / Serv. de Mantenimiento correctivo de 02 transformadores CHINT",
    "Code": "SER-2025-0076",
    "Att1": "ENGIE",
    "Att2": "Hector Leiva - Contratos"
  },
  {
    "Name": "SER-2025-0083",
    "Desc": "COT-2025430-00 / ODS 34_Inspección y Diagnóstico en terreno (Renca)/Enel Distribución.",
    "Code": "SER-2025-0083",
    "Att1": "ENEL DISTRIBUCION CHILE S.A.",
    "Att2": "Rodrigo Brito - Contratos"
  },
  {
    "Name": "LAB-2025-0016",
    "Desc": "COT-LB2025451-00 /  04 Tom muestras CMPC",
    "Code": "LAB-2025-0016",
    "Att1": "CMPC planta Pacifico",
    "Att2": "Daniel Moragas - Contratos"
  },
  {
    "Name": "SER-2025-0042",
    "Desc": "COT-2025046-00 / Inspección y Diagnóstico ATR PM 1 serie 233012013 Enel Distribución",
    "Code": "SER-2025-0042",
    "Att1": "ENEL DISTRIBUCION CHILE S.A.",
    "Att2": "Rodrigo Brito - Contratos"
  },
  {
    "Name": "SER-2025-0088",
    "Desc": "COT-2025429-00 / Ensayos eléctricos y toma de muestra Tinguiririca",
    "Code": "SER-2025-0088",
    "Att1": "TINGUIRIRICA ENERGÍA",
    "Att2": "Daniel Moragas - Contratos"
  },
  {
    "Name": "SER-2025-0043",
    "Desc": "COT-2025051-00 / Inspección y Diagnóstico ATR PM 2 serie 58420 Enel Distribución",
    "Code": "SER-2025-0043",
    "Att1": "ENEL DISTRIBUCION CHILE S.A.",
    "Att2": "Rodrigo Brito - Contratos"
  },
  {
    "Name": "SER-2025-0028",
    "Desc": "COT-2025068-01 / SE Celda Solar Inspección y pruebas a 01 ATR",
    "Code": "SER-2025-0028",
    "Att1": "SIEMENS ENERGY SpA",
    "Att2": "Daniel Moragas - Contratos"
  },
  {
    "Name": "SER-2025-0044",
    "Desc": "COT-2025176-00 / Reparación de bisagra ATR PM 3 Serie 244382015 Enel Distribución",
    "Code": "SER-2025-0044",
    "Att1": "ENEL DISTRIBUCION CHILE S.A.",
    "Att2": "Rodrigo Brito - Contratos"
  },
  {
    "Name": "CON-2025-0077",
    "Desc": "COT-LB2023880-01 / ODS_04 Servicio Toma de Muestras",
    "Code": "CON-2025-0077",
    "Att1": "SQM COYA SUR",
    "Att2": "Daniel Moragas - Contratos"
  },
  {
    "Name": "LAB-2025-0015",
    "Desc": "COT-LB2025118-02 / Analisis de aceites",
    "Code": "LAB-2025-0015",
    "Att1": "SIERRA GORDA SOCIEDAD CONTRACTUAL MINERA",
    "Att2": "Daniel Moragas - Contratos"
  },
  {
    "Name": "SER-2025-0059",
    "Desc": "COT-2025136 - 00 / Ser. Inspección de 09 Transformadores Marca Getra",
    "Code": "SER-2025-0059",
    "Att1": "GETRA POWER SPA",
    "Att2": "Daniel Moragas - Contratos"
  },
  {
    "Name": "CON-2025-0036",
    "Desc": "COT-2021101-02 / ODS_ 179 Pruebas eléctricas y toma de muestra urgente transformador 110-XF-05 planta ACB",
    "Code": "CON-2025-0036",
    "Att1": "CODELCO - División El Teniente (DET)",
    "Att2": "Carlos Lent - Contratos"
  },
  {
    "Name": "CON-2025-0035",
    "Desc": "COT-2021101-02 / ODS_74 Inspección a Transformador TM6",
    "Code": "CON-2025-0035",
    "Att1": "CODELCO - División Andina (AND)",
    "Att2": "Carlos Lent - Contratos"
  },
  {
    "Name": "CON-2025-0013",
    "Desc": "COT-2022398-01 / ODS_08 Mantenimiento parada de planta GFUN",
    "Code": "CON-2025-0013",
    "Att1": "CODELCO - División El Teniente (DET)",
    "Att2": "Carlos Lent - Contratos"
  },
  {
    "Name": "SER-2025-0020",
    "Desc": "COT-2022398-01 / ODS_12 Pruebas de emergencia transformador GFUN",
    "Code": "SER-2025-0020",
    "Att1": "CODELCO - División El Teniente (DET)",
    "Att2": "Carlos Lent - Contratos"
  },
  {
    "Name": "CON-2025-0031",
    "Desc": "COT-2021101-02 / ODS_178 Relleno e inspección de filtración transformador SIC 2",
    "Code": "CON-2025-0031",
    "Att1": "CODELCO - División El Teniente (DET)",
    "Att2": "Carlos Lent - Contratos"
  },
  {
    "Name": "CON-2025-0030",
    "Desc": "COT-2021101-02 / ODS_177 Toma de muestra transformador 250-US-110",
    "Code": "CON-2025-0030",
    "Att1": "CODELCO - División El Teniente (DET)",
    "Att2": "Carlos Lent - Contratos"
  },
  {
    "Name": "SER-2025-0034",
    "Desc": "COT-2025130-02 / Servicio de Asistencia en energización de Transformador Seco Rhona de 2000 KVA 33/0,6 kV",
    "Code": "SER-2025-0034",
    "Att1": "SIEMENS S.A.",
    "Att2": "Carlos Lent - Contratos"
  },
  {
    "Name": "SER-2025-0021",
    "Desc": "COT-2025064-00 / Inspección 02 TR 300 KVA Minera SPENCE",
    "Code": "SER-2025-0021",
    "Att1": "SIEMENS S.A.",
    "Att2": "Carlos Lent - Contratos"
  },
  {
    "Name": "LAB-2025-0008",
    "Desc": "COT-LB2021578-00 / ODS_62 Lab. Central Pilmaiquén / Enel Generación",
    "Code": "LAB-2025-0008",
    "Att1": "ENEL GENERACION",
    "Att2": "Rodrigo Brito - Contratos"
  },
  {
    "Name": "SER-2025-0022",
    "Desc": "COT-2025105-01 / Ensayos Eléctricos TR Seco",
    "Code": "SER-2025-0022",
    "Att1": "SIEMENS S.A.",
    "Att2": "Carlos Lent - Contratos"
  },
  {
    "Name": "CON-2025-0001",
    "Desc": "COT-2022398-01 / ODS_09 Personal fijo en terreno GFUN",
    "Code": "CON-2025-0001",
    "Att1": "CODELCO - División El Teniente (DET)",
    "Att2": "Carlos Lent - Contratos"
  },
  {
    "Name": "CON-2025-0047",
    "Desc": "COT-2021349-11/ ODS 56_ Out LC L3-20 de Marzo",
    "Code": "CON-2025-0047",
    "Att1": "Minera Escondida BHP MEL",
    "Att2": "Hector Leiva - Contratos"
  },
  {
    "Name": "CON-2025-0060",
    "Desc": "COT-2023537-04 / ODS 25 Rev 1_ Mant. TR OCREV 68411_ 5500 kVA_Hidroelectrica Salvador",
    "Code": "CON-2025-0060",
    "Att1": "CORPORACION NACIONAL DEL COBRE DE CHILE, DIVISIÓN EL SALVADOR (DSAL)",
    "Att2": "Hector Leiva - Contratos"
  },
  {
    "Name": "CON-2025-0041",
    "Desc": "COT-2023537-04 / PPT - 2025029  / ODS 27_MANTENCION TALLER SEU 102",
    "Code": "CON-2025-0041",
    "Att1": "CODELCO - División Salvador",
    "Att2": "Hector Leiva - Contratos"
  },
  {
    "Name": "CON-2025-0042",
    "Desc": "COT-2023537-04 / PPT - 2025030  / ODS 28_MANTENCION TALLER SEU 103",
    "Code": "CON-2025-0042",
    "Att1": "CODELCO - División Salvador",
    "Att2": "Hector Leiva - Contratos"
  },
  {
    "Name": "CON-2025-0040",
    "Desc": "COT-2023537-04 / PPT- 2025028 / ODS 26_MANTENCION TALLER SEU 101",
    "Code": "CON-2025-0040",
    "Att1": "CODELCO - División Salvador",
    "Att2": "Hector Leiva - Contratos"
  },
  {
    "Name": "CON-2025-0032",
    "Desc": "COT-2023643-05 / ODS_30 Diagnósticos ATRs (10u) Los Fresnos / Enel Distribución",
    "Code": "CON-2025-0032",
    "Att1": "ENEL DISTRIBUCION CHILE S.A.",
    "Att2": "Rodrigo Brito - Contratos"
  },
  {
    "Name": "CON-2025-0050",
    "Desc": "COT-2023643-05 / ODS_31 Toma de muestras PCB Los Fresnos/ Enel Distribución",
    "Code": "CON-2025-0050",
    "Att1": "ENEL DISTRIBUCION CHILE S.A.",
    "Att2": "Rodrigo Brito - Contratos"
  },
  {
    "Name": "CON-2025-0046",
    "Desc": "COT-2023825-02 / Mantenimiento Mayor mayo Planta Sulfuros Contrato 4540007296 MCEN",
    "Code": "CON-2025-0046",
    "Att1": "MINERA CENTINELA - Antofagasta Minerals",
    "Att2": "Rodrigo Brito - Contratos"
  },
  {
    "Name": "SER-2025-0052",
    "Desc": "COT-2024607-00 / ODS_21 Mantenimiento Correctivo ATR _ S CDXS 01-2023_ Enel Distribución",
    "Code": "SER-2025-0052",
    "Att1": "ENEL DISTRIBUCION CHILE S.A.",
    "Att2": "Rodrigo Brito - Contratos"
  },
  {
    "Name": "SER-2025-0053",
    "Desc": "COT-2024607-00 / ODS_22 Mantenimiento Correctivo ATR _ S CDXS 01-2023_ Enel Distribución",
    "Code": "SER-2025-0053",
    "Att1": "ENEL DISTRIBUCION CHILE S.A.",
    "Att2": "Rodrigo Brito - Contratos"
  },
  {
    "Name": "SER-2025-0054",
    "Desc": "COT-2024607-00 / ODS_23 Mantenimiento Correctivo ATR _ S CDXS 01-2023_ Enel Distribución",
    "Code": "SER-2025-0054",
    "Att1": "ENEL DISTRIBUCION CHILE S.A.",
    "Att2": "Rodrigo Brito - Contratos"
  },
  {
    "Name": "SER-2025-0040",
    "Desc": "COT-2025011-02 / ODS_1 Ferrovial Energía Servicio de llenado, tratamiento y ensayos eléctricos SE Palafitos Iquique",
    "Code": "SER-2025-0040",
    "Att1": "FERROVIAL ENERGIA",
    "Att2": "Rodrigo Brito - Contratos"
  },
  {
    "Name": "SER-2025-0039",
    "Desc": "COT-2025095-00 / Ser. Manten y Ensayos - GEME Central Los Vientos",
    "Code": "SER-2025-0039",
    "Att1": "GEME Central Los Vientos",
    "Att2": "Sebastián Gómez - Contratos"
  },
  {
    "Name": "SER-2025-0065",
    "Desc": "COT-2025282-00 /  Relleno - Tratamiento - Toma de Muestras Aceite / CEMENTOS MELON",
    "Code": "SER-2025-0065",
    "Att1": "CEMENTOS MELÓN",
    "Att2": "Sebastián Gómez - Contratos"
  },
  {
    "Name": "SER-2025-0071",
    "Desc": "COT-2025311-00 / Examenes Preocupacionales / CEMENTOS MELON",
    "Code": "SER-2025-0071",
    "Att1": "CEMENTOS MELÓN",
    "Att2": "Sebastián Gómez - Contratos"
  },
  {
    "Name": "SER-2025-0087",
    "Desc": "COT-2025408-00 / Servicio de Pruebas Eléctricas PFV Elena/Siemsa Chile",
    "Code": "SER-2025-0087",
    "Att1": "SIEMSA CHILE SPA",
    "Att2": "Rodrigo Brito - Contratos"
  },
  {
    "Name": "SER-2025-0082",
    "Desc": "COT-2025424-00 rev.1 / Serv. Eliminación Filtración Bushing CH3 Transformador Principal Central Renca/ Generadora Metropolitana",
    "Code": "SER-2025-0082",
    "Att1": "GENERADORA METROPOLITANA SPA",
    "Att2": "Rodrigo Brito - Contratos"
  },
  {
    "Name": "LAB-2025-0012",
    "Desc": "COT-LB2024651-00 - CEMENTOS BIOBIO- Planta TENO -Toma de Muestras",
    "Code": "LAB-2025-0012",
    "Att1": "CBB CEMENTOS READYMIX LTD",
    "Att2": "Sebastián Gómez - Contratos"
  },
  {
    "Name": "LAB-2025-0009",
    "Desc": "COT-LB2024732-00 / Ser. Toma de Muestras - Planta Arauco Valdivia (4 Contramuestras)",
    "Code": "LAB-2025-0009",
    "Att1": "CELULOSA ARAUCO Y CONSTITUCION S.A.",
    "Att2": "Sebastián Gómez - Contratos"
  },
  {
    "Name": "SER-2025-0046",
    "Desc": "COT-LB2024793-00 / Servicio toma de muestra y análisis de aceite a 59 transformadores",
    "Code": "SER-2025-0046",
    "Att1": "SIEMENS ENERGY SpA",
    "Att2": "Hector Leiva - Contratos"
  },
  {
    "Name": "SER-2025-0066",
    "Desc": "OS 15598-04-2025 - Serv. de Relleno / Arauco Nueva Aldea",
    "Code": "SER-2025-0066",
    "Att1": "ARAUCO NUEVA ALDEA",
    "Att2": "Sebastián Gómez - Contratos"
  },
  {
    "Name": "CON-2025-0020",
    "Desc": "COT-2021349-11 / ODS_52 / Lubrisider - Out LS L1 -  26 de feb",
    "Code": "CON-2025-0020",
    "Att1": "Minera Escondida BHP MEL",
    "Att2": "Hector Leiva - Contratos"
  },
  {
    "Name": "SER-2025-0055",
    "Desc": "COT-2024607-00 / ODS_24 Mantenimiento Correctivo ATR _ S CDXS 01-2023_ Enel Distribución",
    "Code": "SER-2025-0055",
    "Att1": "ENEL DISTRIBUCION CHILE S.A.",
    "Att2": "Rodrigo Brito - Contratos"
  },
  {
    "Name": "SER-2025-0033",
    "Desc": "COT-2025022-00 / OC_388870 Serv. Pruebas Eléctricas Central Sta. Lidia / Gen. Metropolitana",
    "Code": "SER-2025-0033",
    "Att1": "GENERADORA METROPOLITANA SPA",
    "Att2": "Rodrigo Brito - Contratos"
  },
  {
    "Name": "SER-2025-0049",
    "Desc": "COT-2025131-01 / 01 TR Zig-Zag Carga y Traslado",
    "Code": "SER-2025-0049",
    "Att1": "SIEMENS ENERGY SpA",
    "Att2": "Daniel Moragas - Contratos"
  },
  {
    "Name": "LAB-2025-0004",
    "Desc": "COT-LB2024803-00 / Toma de Muestras - EKA CHILE - Talcahuano",
    "Code": "LAB-2025-0004",
    "Att1": "EKA CHILE S.A.",
    "Att2": "Sebastián Gómez - Contratos"
  },
  {
    "Name": "SER-2025-0008",
    "Desc": "COT-2024532-03 / Etapa 2 - Traslado y Posicionamiento Transformador Engie Mejillones",
    "Code": "SER-2025-0008",
    "Att1": "ENGIE",
    "Att2": "Daniel Moragas - Contratos"
  },
  {
    "Name": "SER-2025-0057",
    "Desc": "COT-2024607-00 / ODS_26 Mantenimiento Correctivo ATR _ S CDXS 01-2023_ Enel Distribución",
    "Code": "SER-2025-0057",
    "Att1": "ENEL DISTRIBUCION CHILE S.A.",
    "Att2": "Rodrigo Brito - Contratos"
  },
  {
    "Name": "SER-2025-0027",
    "Desc": "COT-2025093-00 / OC_4500043448 Serv. sum. aceite SE Quillagua / SIEMENS Energy SpA Antof.",
    "Code": "SER-2025-0027",
    "Att1": "SIEMENS ENERGY SpA",
    "Att2": "Rodrigo Brito - Contratos"
  },
  {
    "Name": "LAB-2025-0005",
    "Desc": "COT-2021101-02 / ODS_72 Toma de muestra urgente Transformador T3 SE Cordillera",
    "Code": "LAB-2025-0005",
    "Att1": "CODELCO - División Andina (AND)",
    "Att2": "Carlos Lent - Contratos"
  },
  {
    "Name": "CON-2025-0011",
    "Desc": "COT-2022059-00 / ODS 13/  SERVICIO de Mantención T1 /SE MAUCO",
    "Code": "CON-2025-0011",
    "Att1": "ENAP REFINERIA ACONCAGUA - ERA",
    "Att2": "Hector Leiva - Contratos"
  },
  {
    "Name": "CON-2025-0039",
    "Desc": "COT-2022059-00 / ODS 18_ TR 64",
    "Code": "CON-2025-0039",
    "Att1": "ENAP REFINERIA S.A., REFINERÍA ACONCAGUA",
    "Att2": "Hector Leiva - Contratos"
  },
  {
    "Name": "CON-2025-0019",
    "Desc": "COT-2024525-02 / ODS_01 / CEME1 Muestreo de Aceite 68 TR",
    "Code": "CON-2025-0019",
    "Att1": "GEME - GENERADORA METROPOLITANA",
    "Att2": "Daniel Moragas - Contratos"
  },
  {
    "Name": "CON-2025-0004",
    "Desc": "COT-2023825-01 / ODS_8 Servicio de mantenimiento SD enero 2025 / Planta GMD CEN",
    "Code": "CON-2025-0004",
    "Att1": "MINERA CENTINELA",
    "Att2": "Rodrigo Brito - Contratos"
  },
  {
    "Name": "SER-2025-0081",
    "Desc": "COT-2025418-00 / Asistencia técnica para inspección de relé Buchholz",
    "Code": "SER-2025-0081",
    "Att1": "HITACHI ENERGY CHILE S.A.",
    "Att2": "Daniel Moragas - Contratos"
  },
  {
    "Name": "CON-2025-0028",
    "Desc": "COT-2021349-11 / ODS 53 / SD LC L2 - 12 MARZO",
    "Code": "CON-2025-0028",
    "Att1": "Minera Escondida BHP MEL",
    "Att2": "Hector Leiva - Contratos"
  },
  {
    "Name": "CON-2025-0006",
    "Desc": "COT-2024575-01 / MAN Y REG 02 TRS - SIERRA GORDA - LOMAS BAYAS",
    "Code": "CON-2025-0006",
    "Att1": "COMPANIA MINERA LOMAS BAYAS",
    "Att2": "Carlos Lent - Contratos"
  },
  {
    "Name": "SER-2025-0036",
    "Desc": "COT-2025146-00 / Supervicion de Trabajos en Horario Extendido",
    "Code": "SER-2025-0036",
    "Att1": "TRAFO ENERGY S.A.",
    "Att2": "Daniel Moragas - Contratos"
  },
  {
    "Name": "CON-2025-0029",
    "Desc": "COT-2022059-00 / ODS 17 /Cambio Válvula Tr-59 / SH17 (Planta Coker)",
    "Code": "CON-2025-0029",
    "Att1": "ENAP REFINERIA ACONCAGUA - ERA",
    "Att2": "Hector Leiva - Contratos"
  },
  {
    "Name": "CON-2025-0061",
    "Desc": "COT-2025291-00 / ODS 29_SERVICIO: Ingeniería para integración de transformador en SEU",
    "Code": "CON-2025-0061",
    "Att1": "CORPORACION NACIONAL DEL COBRE DE CHILE, DIVISIÓN EL SALVADOR (DSAL)",
    "Att2": "Hector Leiva - Contratos"
  },
  {
    "Name": "SER-2025-0078",
    "Desc": "COT-2025377-01 / Servicio de medición de humedad y rigidez en terreno",
    "Code": "SER-2025-0078",
    "Att1": "ENEL",
    "Att2": "Daniel Moragas - Contratos"
  },
  {
    "Name": "LAB-2024-0001",
    "Desc": "COT-LB2024804-01 / TM AN 01 ATR S.E. LO AGUIRRE - POWER CHINA",
    "Code": "LAB-2024-0001",
    "Att1": "POWER CHINA",
    "Att2": "Sebastián Gómez - Contratos"
  },
  {
    "Name": "CON-2025-0022",
    "Desc": "COT-2023537-03 / ODS_22 /TM y Analisis de Aceite (CONCENTRADORA)",
    "Code": "CON-2025-0022",
    "Att1": "CODELCO - División Salvador",
    "Att2": "Hector Leiva - Contratos"
  },
  {
    "Name": "CON-2025-0003",
    "Desc": "COT-2023825-02 / ODS_6 Servicio de mantenimiento SD enero 2025 / Planta Sulfuros CEN",
    "Code": "CON-2025-0003",
    "Att1": "MINERA CENTINELA",
    "Att2": "Rodrigo Brito - Contratos"
  },
  {
    "Name": "SER-2025-0032",
    "Desc": "COT-2024529-00 / OC_124 Mantenimiento (2u) en taller Trafo Energy / Cerro Dominador PV.",
    "Code": "SER-2025-0032",
    "Att1": "CERRO DOMINADOR PV",
    "Att2": "Rodrigo Brito - Contratos"
  },
  {
    "Name": "CON-2025-0065",
    "Desc": "COT-2025124-02 / ODS_03 Reparación Trafo Coya Sur",
    "Code": "CON-2025-0065",
    "Att1": "SQM COYA SUR",
    "Att2": "Daniel Moragas - Contratos"
  },
  {
    "Name": "SER-2025-0001",
    "Desc": "COT-2024632-00 / Rev.1Aceite a Transformador CT2 de 3125 kVA",
    "Code": "SER-2025-0001",
    "Att1": "PRIME ENERGIA SpA",
    "Att2": "Sebastián Gómez - Contratos"
  },
  {
    "Name": "SER-2025-0045",
    "Desc": "COT-2025184-00 / Servicio de relleno de aceite",
    "Code": "SER-2025-0045",
    "Att1": "Generación Solar SPA",
    "Att2": "Daniel Moragas - Contratos"
  },
  {
    "Name": "SER-2025-0014",
    "Desc": "COT-2025048-00 / Ensayos Eléctricos - SIEMENS S.A - Rancagua",
    "Code": "SER-2025-0014",
    "Att1": "SIEMENS S.A.",
    "Att2": "Sebastián Gómez - Contratos"
  },
  {
    "Name": "CON-2025-0067",
    "Desc": "COT-2025123-01 / ODS_02 Reparación Trafo SE Maria Elena",
    "Code": "CON-2025-0067",
    "Att1": "SQM COYA SUR",
    "Att2": "Daniel Moragas - Contratos"
  },
  {
    "Name": "CON-2025-0008",
    "Desc": "COT-2021629-01 / ODS 16 / MANTENCION TR 1502",
    "Code": "CON-2025-0008",
    "Att1": "ENAP REFINERIA S.A., REFINERÍA BIOBÍO",
    "Att2": "Hector Leiva - Contratos"
  },
  {
    "Name": "CON-2025-0021",
    "Desc": "COT-2023537-03 / ODS_21/ TM y Análisis de Aceite (HIDROMETALURGIA)",
    "Code": "CON-2025-0021",
    "Att1": "CODELCO - División Salvador",
    "Att2": "Hector Leiva - Contratos"
  },
  {
    "Name": "SER-2025-0003",
    "Desc": "COT-2024185-00 / Mantención Correctiva Transformador MT2 Subestación Central Laja",
    "Code": "SER-2025-0003",
    "Att1": "ENGIE",
    "Att2": "Daniel Moragas - Contratos"
  },
  {
    "Name": "SER-2025-0010",
    "Desc": "COT-2024724-00 / CAPACITACION TM AN - TECK (Practica)",
    "Code": "SER-2025-0010",
    "Att1": "TECK QUEBRADA BLANCA",
    "Att2": "Sebastián Gómez - Contratos"
  },
  {
    "Name": "SER-2025-0009",
    "Desc": "COT-2024724-00 / CAPACITACION TM AN - TECK (Teórica)",
    "Code": "SER-2025-0009",
    "Att1": "TECK QUEBRADA BLANCA",
    "Att2": "Sebastián Gómez - Contratos"
  },
  {
    "Name": "SER-2025-0038",
    "Desc": "COT-2024812-01 / SE Santa Teresa Lampa Armado 02 TR",
    "Code": "SER-2025-0038",
    "Att1": "HITACHI ENERGY CHILE S.A.",
    "Att2": "Daniel Moragas - Contratos"
  },
  {
    "Name": "LAB-2025-0003",
    "Desc": "COT-LB2024672-00 / Toma de Muestra - MOLYMET - Planta NOS",
    "Code": "LAB-2025-0003",
    "Att1": "MOLYMET",
    "Att2": "Sebastián Gómez - Contratos"
  },
  {
    "Name": "SER-2025-0047",
    "Desc": "COT-2024357-01 & COT-2024243-02 / SE Móvil LLenado y Pruebas en Antofagasta",
    "Code": "SER-2025-0047",
    "Att1": "HITACHI ENERGY CHILE S.A.",
    "Att2": "Daniel Moragas - Contratos"
  },
  {
    "Name": "SER-2025-0018",
    "Desc": "COT-2025042-01 / Serv. de Reparación - SIEMENS ENERGY SPA",
    "Code": "SER-2025-0018",
    "Att1": "SIEMENS ENERGY SpA",
    "Att2": "Sebastián Gómez - Contratos"
  },
  {
    "Name": "SER-2025-0006",
    "Desc": "COT-2024541-01 / ENGIE Tocopilla Pruebas Eléctricas ATR2",
    "Code": "SER-2025-0006",
    "Att1": "ENGIE",
    "Att2": "Daniel Moragas - Contratos"
  },
  {
    "Name": "CON-2025-0015",
    "Desc": "COT-2022059-00 / ODS_16/  TM Y ANALISIS DE ACEITE",
    "Code": "CON-2025-0015",
    "Att1": "ENAP REFINERIA S.A., REFINERÍA ACONCAGUA",
    "Att2": "Hector Leiva - Contratos"
  },
  {
    "Name": "SER-2025-0019",
    "Desc": "COT-LB2025085-00 / Servicio de TM y Analisis - COLBUN",
    "Code": "SER-2025-0019",
    "Att1": "COLBUN S.A.",
    "Att2": "Sebastián Gómez - Contratos"
  },
  {
    "Name": "CON-2025-0017",
    "Desc": "COT-2023321-02 / ODS_07 SQM SE La Cruz Mantención",
    "Code": "CON-2025-0017",
    "Att1": "SQM COYA SUR",
    "Att2": "Daniel Moragas - Contratos"
  },
  {
    "Name": "SER-2025-0002",
    "Desc": "COT-LB2024785-00 / Toma de Muestras - GREENTECH - Casas de Chacabuco",
    "Code": "SER-2025-0002",
    "Att1": "GREENTECH SOLUTIONS SpA",
    "Att2": "Sebastián Gómez - Contratos"
  },
  {
    "Name": "SER-2025-0005",
    "Desc": "COT-2024541-01 / Etapa 2 - Ingeniería de conservador ENGIE Tocopilla + REPUESTOS MR",
    "Code": "SER-2025-0005",
    "Att1": "ENGIE",
    "Att2": "Daniel Moragas - Contratos"
  },
  {
    "Name": "SER-2025-0026",
    "Desc": "COT-2025068-01 / Inspección y pruebas a 01 ATR en Puerto Angamos",
    "Code": "SER-2025-0026",
    "Att1": "SIEMENS ENERGY SpA",
    "Att2": "Daniel Moragas - Contratos"
  },
  {
    "Name": "SER-2025-0063",
    "Desc": "COT-2025384-00 / ENGIE Inspección Urgencia PEMR",
    "Code": "SER-2025-0063",
    "Att1": "ENGIE",
    "Att2": "Daniel Moragas - Contratos"
  },
  {
    "Name": "SER-2025-0007",
    "Desc": "COT-2024142-01 / MONTE REDONDO ETAPA 2 - TRATAMIENTO DE ACEITE",
    "Code": "SER-2025-0007",
    "Att1": "ENGIE",
    "Att2": "Daniel Moragas - Contratos"
  },
  {
    "Name": "SER-2025-0015",
    "Desc": "COT-2024711-02 / Servicio de Mantenimiento, Toma de muestra e Instalación DGPT2 (Cerro Dominador)",
    "Code": "SER-2025-0015",
    "Att1": "CERRO DOMINADOR",
    "Att2": "Sebastián Gómez - Contratos"
  },
  {
    "Name": "LAB-2025-0001",
    "Desc": "COT-LB2024747-00 / Toma de Muestras - ENGIE Lomas Taltal",
    "Code": "LAB-2025-0001",
    "Att1": "ENGIE",
    "Att2": "Sebastián Gómez - Contratos"
  },
  {
    "Name": "CON-2025-0007",
    "Desc": "COT-2021349-11 / ODS 50 / CLC L1- 05 FEBRERO",
    "Code": "CON-2025-0007",
    "Att1": "MINERA ESCONDIDA LIMITADA",
    "Att2": "Hector Leiva - Contratos"
  },
  {
    "Name": "CON-2025-0016",
    "Desc": "COT-2023643-05 / ODS_28 Toma muestras PCB y Limp. Bateas / Enel Distribución",
    "Code": "CON-2025-0016",
    "Att1": "ENEL DISTRIBUCION CHILE S.A.",
    "Att2": "Rodrigo Brito - Contratos"
  },
  {
    "Name": "LAB-2025-0006",
    "Desc": "COT-LB2024759-00 / Toma de Muestras - ARAUCO - Constitución",
    "Code": "LAB-2025-0006",
    "Att1": "ARAUCO",
    "Att2": "Sebastián Gómez - Contratos"
  },
  {
    "Name": "CON-2025-0002",
    "Desc": "COT-2021349-11 / ODS_48 / Servicio SD LC L3 8 Enero",
    "Code": "CON-2025-0002",
    "Att1": "MINERA ESCONDIDA LIMITADA",
    "Att2": "Cristian Burgos"
  },
  {
    "Name": "CON-2025-0014",
    "Desc": "COT-2021349-11 / ODS_51/ OT 418589211 Trasvasije silicona transformadores L2 - LAGUNA",
    "Code": "CON-2025-0014",
    "Att1": "Minera Escondida BHP MEL",
    "Att2": "Hector Leiva - Contratos"
  },
  {
    "Name": "CON-2025-0012",
    "Desc": "COT-2025047-00 / ODS_17/ Retiro y disposición final aceite dieléctrico",
    "Code": "CON-2025-0012",
    "Att1": "ENAP REFINERIA S.A., REFINERÍA BIOBÍO",
    "Att2": "Hector Leiva - Contratos"
  },
  {
    "Name": "CON-2025-0010",
    "Desc": "COT-2023825-02 / ODS_5 Ensayo eléctrico, toma de muestras bodega / Planta Sulfuros CEN",
    "Code": "CON-2025-0010",
    "Att1": "MINERA CENTINELA - Antofagasta Minerals",
    "Att2": "Rodrigo Brito - Contratos"
  },
  {
    "Name": "SER-2025-0017",
    "Desc": "COT-2025075-01 / Ser. Ensayos Electricos - Valle Escondido Tierra Amarilla",
    "Code": "SER-2025-0017",
    "Att1": "EGS Power",
    "Att2": "Sebastián Gómez - Contratos"
  },
  {
    "Name": "IDG-0000-000",
    "Desc": "OPERACIONES LUBRISIDER CHILE S.A",
    "Code": "IDG-0000-000",
    "Att1": "LUBRISIDER CHILE S.A",
    "Att2": "Luis Jara Gerencia de Operaciones"
  }
]