{
  "13720575-0": {
    "nombre": "Adolfo Ignacio Ramos",
    "cargo": "PREVENCIONISTA DE RIESGOS",
    "correo": "adolfo.ramos@lubrisider.cl"
  },
  "12862451-1": {
    "nombre": "Alejandro Eliseo Borquez",
    "cargo": "SUPERVISOR DEL ÁREA DE EQUIPOS Y  MOVIMIENTO DE TRANSFORMADORES",
    "correo": "aborquez@lubrisider.cl"
  },
  "21888403-2": {
    "nombre": "Alondra Suguei Castro",
    "cargo": "ANALISTA QUIMICO JUNIOR",
    "correo": "alondra.castro@lubrisider.cl"
  },
  "17160117-7": {
    "nombre": "Amelia Garmendia",
    "cargo": "JEFE DE LABORATORIO",
    "correo": "agarmendia@lubrisider.cl"
  },
  "12286378-6": {
    "nombre": "Ana Maria Sepulveda",
    "cargo": "PERSONAL DE ASEO",
    "correo": "asepulveda@lubrisider.cl"
  },
  "26682168-9": {
    "nombre": "Anderson Enrique Tortoza",
    "cargo": "SUPERVISOR Y ESPECIALISTA DE ENSAYOS ELCTRICOS",
    "correo": "atortoza@lubrisider.cl"
  },
  "26985142-2": {
    "nombre": "Angel Antonio Diaz",
    "cargo": "SECRETARIO RECEPCIONISTA RESPONSABLE DE BODEGAS",
    "correo": "adiaz@lubrisider.cl"
  },
  "24858614-1": {
    "nombre": "Ariel Reyes Hernandez",
    "cargo": "JEFE DE OPERACIONES",
    "correo": "areyes@lubrisider.cl"
  },
  "26052967-6": {
    "nombre": "Arturo Munoz",
    "cargo": "TÉCNICO OPERATIVO BOBINADOR",
    "correo": "arturomunoz@trafoenergy.cl"
  },
  "12468045-K": {
    "nombre": "Beatriz Elizabeth Godoy",
    "cargo": "ENCARGADA DE ADMINISTRACIÓN DE PERSONAL",
    "correo": "beatriz.godoy@lubrisider.cl"
  },
  "21486872-5": {
    "nombre": "Benjamin Luciando Pino",
    "cargo": "AYUDANTE OPERARIO",
    "correo": "benjamin.pino@lubrisider.cl"
  },
  "20051569-2": {
    "nombre": "Brayan Andres Zenteno",
    "cargo": "AYUDANTE OPERARIO",
    "correo": "brayanzenteno@lubrisider.cl"
  },
  "19187280-0": {
    "nombre": "Camilo Alfredo Valdivia",
    "cargo": "COORDINADOR DE OPERACIONES",
    "correo": "camilo.valdivia@lubrisider.cl"
  },
  "18098430-5": {
    "nombre": "Camilo Andres Silva",
    "cargo": "MAESTRO SEGUNDA",
    "correo": "csilva@lubrisider.cl"
  },
  "26003933-4": {
    "nombre": "Carlos Albeiro Garces",
    "cargo": "TÉCNICO OPERATIVO BOBINADOR",
    "correo": "cgarces@trafoenergy.cl"
  },
  "15384320-1": {
    "nombre": "Carlos Alberto Lent",
    "cargo": "ADMINISTRADOR DE CONTRATO",
    "correo": "clent@lubrisider.cl"
  },
  "18192854-9": {
    "nombre": "Carlos Alberto Sonan",
    "cargo": "ENCARGADO DE LABORATORIO ELECTRICO",
    "correo": "csonan@trafoenergy.cl"
  },
  "18092883-9": {
    "nombre": "Carlos Alfredo Mendez",
    "cargo": "TECNICO DE ENSAYOS ELECTRICOS",
    "correo": "cmendez@lubrisider.cl"
  },
  "16685158-0": {
    "nombre": "Carlos Antonio Barrera",
    "cargo": "SUPERVISOR",
    "correo": "carlos.barrera@lubrisider.cl"
  },
  "12828270-K": {
    "nombre": "Carlos Germain Martinez",
    "cargo": "SUPERVISOR",
    "correo": "cmartinez@lubrisider.cl"
  },
  "15655979-2": {
    "nombre": "Cesar Eliazer Antivil",
    "cargo": "SUPERVISOR",
    "correo": "cantivil@lubrisider.cl"
  },
  "14069401-0": {
    "nombre": "Cesar Gerardo Figueroa",
    "cargo": "OPERADOR Y ADMINISTRADOR DE CAMION PLUMA",
    "correo": "cfigueroa@lubrisider.cl"
  },
  "13763324-8": {
    "nombre": "Christian Andres Arancibia",
    "cargo": "TECNICO OPERATIVO",
    "correo": "carancibia@lubrisider.cl"
  },
  "25476039-0": {
    "nombre": "Claudia Alejandra Montoya",
    "cargo": "PERSONAL DE ASEO",
    "correo": "elosay2012@gmail.com"
  },
  "17027903-4": {
    "nombre": "Claudio Alejandro Barahona",
    "cargo": "SUPERVISOR",
    "correo": "cbarahona@lubrisider.cl"
  },
  "13314543-5": {
    "nombre": "Claudio Alejandro Espinoza",
    "cargo": "GERENTE COMERCIAL",
    "correo": "cespinoza@lubrisider.cl"
  },
  "22145488-K": {
    "nombre": "Constanza Belen Contreras",
    "cargo": "ANALISTA QUIMICO JUNIOR",
    "correo": "constanza.contreras@lubrisider.cl"
  },
  "17868522-8": {
    "nombre": "Cristian Gabriel Burgos",
    "cargo": "GERENTE DE CONTRATOS",
    "correo": "cburgos@lubrisider.cl"
  },
  "20034075-2": {
    "nombre": "Cristopher Alejandro Canales",
    "cargo": "AYUDANTE OPERARIO",
    "correo": "CCANALES@LUBRISIDER.CL"
  },
  "20331297-0": {
    "nombre": "Cristopher Alejandro Tapia",
    "cargo": "AYUDANTE OPERARIO",
    "correo": "cristophertapia@lubrisider.cl"
  },
  "22066484-8": {
    "nombre": "Daniel Adolfo Salgado",
    "cargo": "ANALISTA QUIMICO JUNIOR",
    "correo": "daniel.salgado@lubrisider.cl"
  },
  "17409634-1": {
    "nombre": "Daniel Alejandro Moragas",
    "cargo": "ADMINISTRADOR DE CONTRATO",
    "correo": "daniel.moragas@lubrisider.cl"
  },
  "17851241-2": {
    "nombre": "Daniel Esteban Toro",
    "cargo": "TECNICO OPERATIVO",
    "correo": "dtoro@lubrisider.cl"
  },
  "9381578-5": {
    "nombre": "David Pablo Emparan",
    "cargo": "GERENTE DE HSEQ",
    "correo": "david.emparan@lubrisider.cl"
  },
  "10248514-9": {
    "nombre": "Doris Cecilia Vargas",
    "cargo": "ADMINISTRATIVO DE CONTROL DE PERSONAS",
    "correo": "doris.vargas@lubrisider.cl"
  },
  "20499434-K": {
    "nombre": "Eduardo Alberto Fritz",
    "cargo": "AYUDANTE OPERARIO",
    "correo": "efritz@lubrisider.cl"
  },
  "14572376-0": {
    "nombre": "Eduardo Esteban Guzman",
    "cargo": "TECNICO OPERATIVO",
    "correo": "eduardo.guzman@lubrisider.cl"
  },
  "13024534-K": {
    "nombre": "Eduardo Romelio Bernal",
    "cargo": "CAPATAZ",
    "correo": "ebernal@lubrisider.cl"
  },
  "21189108-4": {
    "nombre": "Elias Francisco Zenteno",
    "cargo": "MAESTRO SEGUNDA",
    "correo": "eliaszenteno@lubrisider.cl"
  },
  "20435147-3": {
    "nombre": "Emanuel Esteban Delgado ",
    "cargo": "AYUDANTE OPERARIO",
    "correo": "emanuel.delgado@lubrisider.cl"
  },
  "26010616-3": {
    "nombre": "Enmanuel Nicolas Alvarez",
    "cargo": "MAESTRO SEGUNDA",
    "correo": "nalvarez@lubrisider.cl"
  },
  "17836192-9": {
    "nombre": "Ermes Nicolas Emannuel Munoz",
    "cargo": "MAESTRO SEGUNDA",
    "correo": "ermesmunoz@lubrisider.cl"
  },
  "17507430-9": {
    "nombre": "Esteban Nicolas Perez",
    "cargo": "TECNICO OPERATIVO",
    "correo": "estebanperez@lubrisider.cl"
  },
  "19024911-5": {
    "nombre": "Exequiel Antonio Moreno",
    "cargo": "AYUDANTE OPERARIO",
    "correo": "exequiel.moreno@lubrisider.cl"
  },
  "13715353-K": {
    "nombre": "Fabian Andres Diaz",
    "cargo": "OPERADOR Y ADMINISTRADOR DE CAMION PLUMA",
    "correo": "fabian.diaz@lubrisider.cl"
  },
  "24253701-7": {
    "nombre": "Federico Jose Carrera",
    "cargo": "JEFE DE ENSAYOS ELECTRICOS",
    "correo": "fcarrera@lubrisider.cl"
  },
  "9098512-4": {
    "nombre": "Fernando Dimas Lobos",
    "cargo": "CAPATAZ",
    "correo": "flobos@lubrisider.cl"
  },
  "26018169-6": {
    "nombre": "Fiorela Maite Roca",
    "cargo": "ASISTENTE DE LABORATORIO",
    "correo": "mroca@lubrisider.cl"
  },
  "27201569-4": {
    "nombre": "Francis Jose Grullon",
    "cargo": "AYUDANTE OPERARIO",
    "correo": "grullonfrankeli@gmail.com"
  },
  "19669447-1": {
    "nombre": "Francisco Andres Castro",
    "cargo": "TECNICO DE LABORATORIO",
    "correo": "fcastro@lubrisider.cl"
  },
  "21292092-4": {
    "nombre": "Franco Enrique Salamanca",
    "cargo": "AYUDANTE OPERARIO",
    "correo": "fsalamanca@lubrisider.cl"
  },
  "18180061-5": {
    "nombre": "Franco Roberto Montero",
    "cargo": "PREVENCIONISTA DE RIESGOS",
    "correo": "franco.montero@lubrisider.cl"
  },
  "21367407-2": {
    "nombre": "Gabriel Aram Aminadab Cadin",
    "cargo": "AYUDANTE OPERARIO",
    "correo": "gcadin@lubrisider.cl"
  },
  "24281011-2": {
    "nombre": "Gabriel Gerardo Pirez",
    "cargo": "SUPERVISOR DE REGENERACIÓN",
    "correo": "gpirez@lubrisider.cl"
  },
  "13842896-6": {
    "nombre": "Gerson Alex Valenzuela",
    "cargo": "TECNICO OPERATIVO",
    "correo": "gvalenzuela@lubrisider.cl"
  },
  "19801290-4": {
    "nombre": "Giovanni Aaron Huberman",
    "cargo": "PREVENCIONISTA DE RIESGOS",
    "correo": "ghuberman@lubrisider.cl"
  },
  "19613631-2": {
    "nombre": "Gregory Alexander Torres",
    "cargo": "TECNICO OPERATIVO",
    "correo": "gregorytorres@lubrisider.cl"
  },
  "13655247-3": {
    "nombre": "Gregory Andres Garrido",
    "cargo": "CAPATAZ",
    "correo": "ggarrido@lubrisider.cl"
  },
  "13039057-9": {
    "nombre": "Guillermo Aquiles Briones",
    "cargo": "AYUDANTE OPERARIO",
    "correo": "guillermo.briones@lubrisider.cl"
  },
  "17063203-6": {
    "nombre": "Hector Andres Carrasco",
    "cargo": "AYUDANTE OPERARIO",
    "correo": "hector.carrasco@lubrisider.cl"
  },
  "15700915-K": {
    "nombre": "Hector Andres Leiva",
    "cargo": "ADMINISTRADOR DE CONTRATO",
    "correo": "hleiva@lubrisider.cl"
  },
  "16674563-2": {
    "nombre": "Hector Eduardo Acuna",
    "cargo": "AYUDANTE OPERARIO",
    "correo": "hector.acuna@lubrisider.cl"
  },
  "25679284-2": {
    "nombre": "Hector Eduardo Suarez",
    "cargo": "MAESTRO SEGUNDA",
    "correo": "hector.suarez@lubrisider.cl"
  },
  "21571866-2": {
    "nombre": "Heferson Alexander Cortez",
    "cargo": "ANALISTA QUIMICO JUNIOR",
    "correo": "heferson.cortez@lubrisider.cl"
  },
  "15699964-4": {
    "nombre": "Hugo Heraldo Araya",
    "cargo": "SUPERVISOR",
    "correo": "haraya@lubrisider.cl"
  },
  "13837591-9": {
    "nombre": "Ian Derek Rossel",
    "cargo": "ASESOR DE PREVENCIÓN DE RIESGOS",
    "correo": "ian.rossel@lubrisider.cl"
  },
  "20335301-4": {
    "nombre": "Ignacio Andres Puga",
    "cargo": "ASISTENTE DE LABORATORIO",
    "correo": "ipuga@lubrisider.cl"
  },
  "17870454-0": {
    "nombre": "Jaime Octavio Hernandez",
    "cargo": "CAPATAZ",
    "correo": "jhernandez@lubrisider.cl"
  },
  "19571541-6": {
    "nombre": "Jaqueline Scarlett Orellana",
    "cargo": "ADMINISTRATIVO DE GESTIÓN DE TALENTO",
    "correo": "jaqueline.orellana@lubrisider.cl"
  },
  "21777820-4": {
    "nombre": "Javier Ignacio Canaves",
    "cargo": "AYUDANTE OPERARIO",
    "correo": "jcanaves@lubrisider.cl"
  },
  "20177794-1": {
    "nombre": "Javier Ignacio Salinas",
    "cargo": "AYUDANTE OPERARIO",
    "correo": "jsalinas@lubrisider.cl"
  },
  "20835552-K": {
    "nombre": "Jenniffer Andrea Navarro",
    "cargo": "ANALISTA QUIMICO JUNIOR",
    "correo": "jenniffernavarro@lubrisider.cl"
  },
  "19721182-2": {
    "nombre": "Joaquin Heriberto Mella",
    "cargo": "PREVENCIONISTA DE RIESGOS",
    "correo": "jmella@lubrisider.cl"
  },
  "15205910-8": {
    "nombre": "John Andres Salas",
    "cargo": "SUPERVISOR",
    "correo": "jsalas@lubrisider.cl"
  },
  "25875379-8": {
    "nombre": "John Fredy Mesa",
    "cargo": "CAPATAZ",
    "correo": "jmesa@trafoenergy.cl"
  },
  "26807028-1": {
    "nombre": "Jonathan Herrera",
    "cargo": "AYUDANTE OPERARIO",
    "correo": "jonathanherrera@trafoenergy.cl"
  },
  "20063806-9": {
    "nombre": "Jordan Rocher Torres",
    "cargo": "TECNICO OPERATIVO",
    "correo": "jtorres@lubrisider.cl"
  },
  "19319469-9": {
    "nombre": "Jorge Alexander Riveros",
    "cargo": "MAESTRO SEGUNDA",
    "correo": "jorge.ariveros.23@gmail.com"
  },
  "17210772-9": {
    "nombre": "Jorge Antonio Alarcon",
    "cargo": "TECNICO DE ENSAYOS ELECTRICOS",
    "correo": "jalarcon@lubrisider.cl"
  },
  "11630389-2": {
    "nombre": "Jorge Antonio Munoz",
    "cargo": "JEFE DE ADMINISTRACIÓN Y FINANZAS",
    "correo": "jmunoz@lubrisider.cl"
  },
  "16498277-7": {
    "nombre": "Jose Alexis Burgos",
    "cargo": "SUPERVISOR Y ESPECIALISTA DE ENSAYOS ELCTRICOS",
    "correo": "aburgos@lubrisider.cl"
  },
  "20403372-2": {
    "nombre": "Jose Alexis Bustos",
    "cargo": "AYUDANTE OPERARIO",
    "correo": "jbustoscovarrubias@gmail.com"
  },
  "13731721-4": {
    "nombre": "Jose Alfonso Montes",
    "cargo": "JEFE DE OFICINA TECNICA",
    "correo": "jmontes@lubrisider.cl"
  },
  "10119030-7": {
    "nombre": "Jose Antonio Bascunan",
    "cargo": "ENCARGADO DE COMPRAS Y BODEGA",
    "correo": "jbascunan@lubrisider.cl"
  },
  "26556848-3": {
    "nombre": "Jose Antonio Restrepo",
    "cargo": "TECNICO OPERATIVO",
    "correo": "jrestrepo@lubrisider.cl"
  },
  "28072824-1": {
    "nombre": "Jose Luis Felice",
    "cargo": "GERENTE DE PLANTA",
    "correo": "jlfelice@trafoenergy.cl"
  },
  "8630624-7": {
    "nombre": "Jose Luis Parra",
    "cargo": "TÉCNICO OPERATIVO BOBINADOR",
    "correo": "joseluis.parra@trafoenergy.cl"
  },
  "12108393-0": {
    "nombre": "Jose Miguel Rodriguez",
    "cargo": "GERENTE ZONA NORTE",
    "correo": "jmrodriguez@lubrisider.cl"
  },
  "20371126-3": {
    "nombre": "Jose Rolando Novoa",
    "cargo": "MAESTRO SEGUNDA",
    "correo": "jnovoa@lubrisider.cl"
  },
  "15606373-8": {
    "nombre": "Juan Carlos Navarro",
    "cargo": "TÉCNICO OPERATIVO BOBINADOR",
    "correo": "juan.navarro@trafo.cl"
  },
  "20904001-8": {
    "nombre": "Juan Cristobal Pino",
    "cargo": "AYUDANTE OPERARIO",
    "correo": "juancristobalpino@lubrisider.cl"
  },
  "16148474-1": {
    "nombre": "Juan Eduardo Alvarado",
    "cargo": "MAESTRO SEGUNDA",
    "correo": "jalvarado@lubrisider.cl"
  },
  "13188637-3": {
    "nombre": "Juan Ernesto Araya",
    "cargo": "INGENIERO DE VENTAS",
    "correo": "jaraya@lubrisider.cl"
  },
  "12326284-0": {
    "nombre": "Juan Pablo Pino",
    "cargo": "TECNICO OPERATIVO",
    "correo": "Jpino@lubrisider.cl"
  },
  "14013185-7": {
    "nombre": "Juan Patricio Dominguez",
    "cargo": "TECNICO OPERATIVO",
    "correo": "juan.dominguez@lubrisider.cl"
  },
  "9251750-0": {
    "nombre": "Juan Patricio Zuloaga",
    "cargo": "MAESTRO SEGUNDA",
    "correo": "jzuloaga@lubrisider.cl"
  },
  "21411358-9": {
    "nombre": "Julian Jeremy Torres",
    "cargo": "AYUDANTE OPERARIO",
    "correo": "julian.torres@lubrisider.cl"
  },
  "27113351-0": {
    "nombre": "Keiber Guzman",
    "cargo": "ASISTENTE DE PREVENCION DE RIESGOS",
    "correo": "kguzman@lubrisider.cl"
  },
  "20453142-0": {
    "nombre": "Krishna Katiuska Morales",
    "cargo": "ASISTENTE ADMINISTRATIVO CONTABLE",
    "correo": "krishna.morales@lubrisider.cl"
  },
  "10480364-4": {
    "nombre": "Lorenzo Juan Acuna",
    "cargo": "SUPERVISOR",
    "correo": "lacuna@lubrisider.cl"
  },
  "17800036-5": {
    "nombre": "Luis Andres Jara",
    "cargo": "AYUDANTE OPERARIO",
    "correo": "Aandresjara@lubrisider.cl"
  },
  "13929459-9": {
    "nombre": "Luis Felipe Vasquez",
    "cargo": "OPERADOR CAMIÓN PLUMA Y CHOFER A4",
    "correo": "lvasquez@lubrisider.cl"
  },
  "15787896-4": {
    "nombre": "Luis Norberto Jara",
    "cargo": "GERENTE DE OPERACIONES",
    "correo": "ljara@lubrisider.cl"
  },
  "16628934-3": {
    "nombre": "Marcela Andrea Quiroz",
    "cargo": "CONTADOR",
    "correo": "marcela.quiroz@lubrisider.cl"
  },
  "7739063-4": {
    "nombre": "Marcelo Cesar Garrido",
    "cargo": "ASESOR DE PREVENCIÓN DE RIESGOS",
    "correo": "marcelo.garrido@lubrisider.cl"
  },
  "13074071-5": {
    "nombre": "Marcelo Cristian Castillo",
    "cargo": "TECNICO OPERATIVO",
    "correo": "mcastillo@lubrisider.cl"
  },
  "21967136-9": {
    "nombre": "Marcelo Emilio Perez",
    "cargo": "GERENTE GENERAL",
    "correo": "mperez@lubrisider.cl"
  },
  "13869342-2": {
    "nombre": "Marco Antonio Huerta",
    "cargo": "JUNIOR BODEGA",
    "correo": "marco.huerta.pizarro@gmail.com"
  },
  "23716961-1": {
    "nombre": "Mariela Geranio",
    "cargo": "GERENTE DE ADMINISTRACIÓN Y FINANZAS",
    "correo": "mgeranio@lubrisider.cl"
  },
  "20871148-2": {
    "nombre": "Martin Alexis Alfaro",
    "cargo": "TECNICO DE ENSAYOS ELECTRICOS",
    "correo": "martin.alfaro@lubrisider.cl"
  },
  "21389809-4": {
    "nombre": "Mauricio Aron Valenzuela",
    "cargo": "AYUDANTE OPERARIO",
    "correo": "mauricio.valenzuela@lubrisider.cl"
  },
  "12990558-1": {
    "nombre": "Mercedes Victorina Imiguala",
    "cargo": "PERSONAL DE ASEO",
    "correo": "mimiguala@trafoenergy.cl"
  },
  "17522413-0": {
    "nombre": "Miguel Angel Guajardo",
    "cargo": "TECNICO OPERATIVO",
    "correo": "mguajardo@lubrisider.cl"
  },
  "18021783-5": {
    "nombre": "Monica Emilia Peralta",
    "cargo": "ENCARGADA ACREDITACIONES Y CONTROL DOCUMENTAL",
    "correo": "mperalta@lubrisider.cl"
  },
  "11972233-0": {
    "nombre": "Nelson Enrique Chanalet",
    "cargo": "MAESTRO SEGUNDA",
    "correo": "nelson.chanalet@lubrisider.cl"
  },
  "19154076-K": {
    "nombre": "Nicolas Alexander Moya",
    "cargo": "AYUDANTE OPERARIO",
    "correo": "nicolas.moya@lubrisider.cl"
  },
  "17047863-0": {
    "nombre": "Nicolas Antonio Gatica",
    "cargo": "CAPATAZ",
    "correo": "ngatica@lubrisider.cl"
  },
  "17315602-2": {
    "nombre": "Nicolas Enrique Marin",
    "cargo": "ANALISTA CONTABLE",
    "correo": "nmarin@lubrisider.cl"
  },
  "9703655-1": {
    "nombre": "Norma Del Carmen Leon",
    "cargo": "PERSONAL DE ASEO",
    "correo": "Leonnorma1964@gmail.com"
  },
  "19135638-1": {
    "nombre": "Pablo Andres Gonzalez",
    "cargo": "ENCARGADO DE OFERTAS",
    "correo": "pablogonzalez@lubrisider.cl"
  },
  "15644388-3": {
    "nombre": "Pablo Jose Espinoza",
    "cargo": "ENCARGADO DE OFERTAS",
    "correo": "pespinoza@lubrisider.cl"
  },
  "15094284-5": {
    "nombre": "Pablo Oriel Orrego",
    "cargo": "MAESTRO PRIMERA",
    "correo": "porrego@lubrisider.cl"
  },
  "16693407-9": {
    "nombre": "Patricia Angelica Urrutia",
    "cargo": "ASISTENTE DE COMPRAS",
    "correo": "patricia.urrutia@lubrisider.cl"
  },
  "13826717-2": {
    "nombre": "Patricio Alejandro Casanova",
    "cargo": "PREVENCIONISTA DE RIESGOS",
    "correo": "pcasanova@lubrisider.cl"
  },
  "20389422-8": {
    "nombre": "Patricio Eduardo Orellana",
    "cargo": "ANALISTA CONTROL DE GESTION",
    "correo": "patricio.orellana@lubrisider.cl"
  },
  "17859523-7": {
    "nombre": "Paulina Alejandra Herrera",
    "cargo": "CONTADOR",
    "correo": "paulina.herrera@lubrisider.cl"
  },
  "15800614-6": {
    "nombre": "Pedro Luis Arce",
    "cargo": "CAPATAZ",
    "correo": "parce@lubrisider.cl"
  },
  "16951273-6": {
    "nombre": "Ramon Enrique Tobar",
    "cargo": "SUPERVISOR",
    "correo": "rtobar@lubrisider.cl"
  },
  "10657643-2": {
    "nombre": "Raul Segundo Hormazabal",
    "cargo": "TECNICO OPERATIVO",
    "correo": "rhormazabal@trafoenergy.cl"
  },
  "19792618-K": {
    "nombre": "Roberto Ignacio Valenzuela",
    "cargo": "TECNICO DE ENSAYOS ELECTRICOS",
    "correo": "robertovalenzuela@lubrisider.cl"
  },
  "13634887-6": {
    "nombre": "Rodrigo Ivan Perez",
    "cargo": "AYUDANTE OPERARIO",
    "correo": "rodrigo.perez@lubrisider.cl"
  },
  "10588236-K": {
    "nombre": "Rodrigo Javier Brito",
    "cargo": "ADMINISTRADOR DE CONTRATO",
    "correo": "rodrigo.brito@lubrisider.cl"
  },
  "16353711-7": {
    "nombre": "Rodrigo Luis Alejandro Cabello",
    "cargo": "PREVENCIONISTA DE RIESGOS",
    "correo": "rodrigo.cabello@lubrisider.cl"
  },
  "13065946-2": {
    "nombre": "Rolando Miguel Diaz",
    "cargo": "OPERADOR CAMION PLUMA",
    "correo": "rolando.diaz@lubrisider.cl"
  },
  "19265681-8": {
    "nombre": "Ronald Hernan Martinez",
    "cargo": "PREVENCIONISTA DE RIESGOS",
    "correo": "rmartinez@lubrisider.cl"
  },
  "25437029-0": {
    "nombre": "Ronald Jose Rodriguez",
    "cargo": "MAESTRO SEGUNDA",
    "correo": "rrodriguez@lubrisider.cl"
  },
  "16401848-2": {
    "nombre": "Rony Aaron Guajardo",
    "cargo": "SUPERVISOR",
    "correo": "rony.guajardo@lubrisider.cl"
  },
  "15472985-2": {
    "nombre": "Ruben Alejandro Riquelme",
    "cargo": "JEFE DE AREA LICITACIONES",
    "correo": "rriquelme@lubrisider.cl"
  },
  "44378558-2": {
    "nombre": "Santiago Mesa",
    "cargo": "AYUDANTE OPERARIO",
    "correo": "mesaperezsantiago2@gmail.com"
  },
  "20132668-0": {
    "nombre": "Sebastian Alejandro Garrido",
    "cargo": "MAESTRO SEGUNDA",
    "correo": "SEBASTIANGARRIDOBARRERA17@GMAIL.COM"
  },
  "13898521-0": {
    "nombre": "Sebastian Angello Jamed",
    "cargo": "GERENTE DE PERSONAS",
    "correo": "sjamed@lubrisider.cl"
  },
  "17551788-K": {
    "nombre": "Sergio Alejandro Araya",
    "cargo": "COORDINADOR DE OPERACIONES",
    "correo": "saraya@lubrisider.cl"
  },
  "12825013-1": {
    "nombre": "Sergio Alexis Badilla",
    "cargo": "ASESOR DE PREVENCIÓN DE RIESGOS",
    "correo": "sbadilla@lubrisider.cl"
  },
  "15206758-5": {
    "nombre": "Sergio Alfonso Vasquez",
    "cargo": "TECNICO OPERATIVO",
    "correo": "svasquez@lubrisider.cl"
  },
  "9216936-7": {
    "nombre": "Sergio Roberto Espinoza",
    "cargo": "JEFE DE FORMACION Y DESARROLLO",
    "correo": "seq@vtr.net"
  },
  "10759690-9": {
    "nombre": "Silverio Rodrigo Toledo",
    "cargo": "SUPERVISOR",
    "correo": "stoledo@lubrisider.cl"
  },
  "12140215-7": {
    "nombre": "Silvia Andrea Guzman",
    "cargo": "PREVENCIONISTA DE RIESGOS",
    "correo": "sguzman@lubrisider.cl"
  },
  "27193658-3": {
    "nombre": "Subdalyn Chiquinquira Parada",
    "cargo": "ASISTENTE DE RECURSOS HUMANOS",
    "correo": "sparada@lubrisider.cl"
  },
  "18300504-9": {
    "nombre": "Thomas Wesser",
    "cargo": "ASISTENTE DE LICITACIONES",
    "correo": "thomas.wesser@lubrisider.cl"
  },
  "14393096-3": {
    "nombre": "Veronica Beatriz Martinez",
    "cargo": "ASISTENTE DE GERENCIA",
    "correo": "vmartinez@lubrisider.cl"
  },
  "20331994-0": {
    "nombre": "Vicente Alfredo Knabe",
    "cargo": "AYUDANTE OPERARIO",
    "correo": "vknabe@lubrisider.cl"
  },
  "12556775-4": {
    "nombre": "Victor Manuel Merino",
    "cargo": "OPERADOR Y ADMINISTRADOR DE CAMION PLUMA",
    "correo": "vmerino@lubrisider.cl"
  },
  "13579386-8": {
    "nombre": "Viviano Enrique Inzunza",
    "cargo": "AYUDANTE OPERARIO",
    "correo": "enrique.inzunza@lubrisider.cl"
  },
  "26937228-1": {
    "nombre": "Yohan Alberto Carrillo",
    "cargo": "TECNICO OPERATIVO",
    "correo": "ycarrillo@lubrisider.cl"
  }
}