{
  "SER-2025-0093": {
    "cliente": "CODELCO - División Salvador",
    "descripcion": "COT 2025501-00 / ODS SN _ Servicio de fabricación de 03 mufas.",
    "responsable": "Hector Leiva - Contratos"
  },
  "CON-2025-0059": {
    "cliente": "CODELCO - División El Teniente (DET)",
    "descripcion": "COT-2021101-02 / ODS_168 B Asistencia de emergencia transformadores T55, T56, T57 y T59",
    "responsable": "Carlos Lent - Contratos"
  },
  "CON-2025-0027": {
    "cliente": "CODELCO - División El Teniente (DET)",
    "descripcion": "COT-2021101-02 / ODS_172 Pruebas a transformadores SE Traful Proyecto Andes Norte",
    "responsable": "Carlos Lent - Contratos"
  },
  "CON-2025-0025": {
    "cliente": "CODELCO - División El Teniente (DET)",
    "descripcion": "COT-2021101-02 / ODS_175 Retiro de transformador Molino Unitario y posicionamiento de nuevo transformador",
    "responsable": "Carlos Lent - Contratos"
  },
  "CON-2025-0026": {
    "cliente": "CODELCO - División El Teniente (DET)",
    "descripcion": "COT-2021101-02 / ODS_176 Mantenimiento básico de transformador Molino Unitario en Trafo Energy",
    "responsable": "Carlos Lent - Contratos"
  },
  "CON-2025-0051": {
    "cliente": "CODELCO - División El Teniente (DET)",
    "descripcion": "COT-2021101-02 / ODS_181 Asistencia a transformador T31 para toma de muestra, pruebas eléctricas y retiro para revisión en taller.",
    "responsable": "Carlos Lent - Contratos"
  },
  "CON-2025-0052": {
    "cliente": "CODELCO - División El Teniente (DET)",
    "descripcion": "COT-2021101-02 / ODS_182 Reparación de dos TTPP Westinghouse 66kV, en taller Lubrisider.",
    "responsable": "Carlos Lent - Contratos"
  },
  "CON-2025-0053": {
    "cliente": "CODELCO - División El Teniente (DET)",
    "descripcion": "COT-2021101-02 / ODS_183 Reparación de filtración y pruebas básicas a Transformador T56",
    "responsable": "Carlos Lent - Contratos"
  },
  "CON-2025-0055": {
    "cliente": "CODELCO - División El Teniente (DET)",
    "descripcion": "COT-2021101-02 / ODS_184 Inspección y relleno de aceite TCOM 1 y 2",
    "responsable": "Carlos Lent - Contratos"
  },
  "CON-2025-0058": {
    "cliente": "CODELCO - División Andina (AND)",
    "descripcion": "COT-2021101-02 / ODS_185 Reparación en taller Lubrisider Transformador T31",
    "responsable": "Carlos Lent - Contratos"
  },
  "CON-2025-0063": {
    "cliente": "CODELCO - División El Teniente (DET)",
    "descripcion": "COT-2021101-02 / ODS_186 Retiro de aceite y toma de muestra a transformadores T3 y T5 nuevos.",
    "responsable": "Carlos Lent - Contratos"
  },
  "CON-2025-0070": {
    "cliente": "CODELCO - División El Teniente (DET)",
    "descripcion": "COT-2021101-02 / ODS_187 Pruebas preliminares a transformadores T3 y T5 nuevos SE Colina",
    "responsable": "Carlos Lent - Contratos"
  },
  "CON-2025-0071": {
    "cliente": "CODELCO - División El Teniente (DET)",
    "descripcion": "COT-2021101-02 / ODS_188 Toma de muestras a 10 bins de transformadores T3 y T5 nuevos SE Colina",
    "responsable": "Carlos Lent - Contratos"
  },
  "CON-2025-0072": {
    "cliente": "CODELCO - División El Teniente (DET)",
    "descripcion": "COT-2021101-02 / ODS_189 Relleno y tratamiento de aceite a transformadores T3 y T5 nuevos SE Colina",
    "responsable": "Carlos Lent - Contratos"
  },
  "CON-2025-0073": {
    "cliente": "CODELCO - División El Teniente (DET)",
    "descripcion": "COT-2021101-02 / ODS_190 Pruebas a transformadores T3 y T5 nuevos SE Colina",
    "responsable": "Carlos Lent - Contratos"
  },
  "CON-2025-0074": {
    "cliente": "CODELCO - División El Teniente (DET)",
    "descripcion": "COT-2021101-02 / ODS_191 Retiro total de aceite transformador T5 antiguo SE Colina",
    "responsable": "Carlos Lent - Contratos"
  },
  "CON-2025-0078": {
    "cliente": "CODELCO - División El Teniente (DET)",
    "descripcion": "COT-2021101-02 / ODS_192 Retiro total de aceite transformador T4 antiguo SE Colina",
    "responsable": "Carlos Lent - Contratos"
  },
  "CON-2025-0085": {
    "cliente": "CODELCO - División El Teniente (DET)",
    "descripcion": "COT-2021101-02 / ODS_193 Tomas de muestras Codelco Teniente",
    "responsable": "Carlos Lent - Contratos"
  },
  "CON-2025-0086": {
    "cliente": "CODELCO - División El Teniente (DET)",
    "descripcion": "COT-2021101-02 / ODS_194 Servicio de emergencia nocturno transformador vdf 507, N°20010009-02",
    "responsable": "Carlos Lent - Contratos"
  },
  "CON-2025-0048": {
    "cliente": "CODELCO - División El Teniente (DET)",
    "descripcion": "COT-2021101-02 / ODS_195 Servicio de emergencia retiro transformador vdf 507, N°20010009-02",
    "responsable": "Carlos Lent - Contratos"
  },
  "CON-2025-0091": {
    "cliente": "CODELCO - División El Teniente (DET)",
    "descripcion": "COT-2021101-02 / ODS_196 Mantenimiento correctivo Básico transformador seco vdf 507, N°20010009-02 en taller Lubrisider",
    "responsable": "Carlos Lent - Contratos"
  },
  "CON-2025-0054": {
    "cliente": "CODELCO - División Andina (AND)",
    "descripcion": "COT-2021101-02 / ODS_76 Pruebas Eléctricas y toma de muestra Transformador TM2 SAG",
    "responsable": "Carlos Lent - Contratos"
  },
  "CON-2025-0057": {
    "cliente": "CODELCO - División Andina (AND)",
    "descripcion": "COT-2021101-02 / ODS_77 Asistencia de urgencia por pruebas eléctricas a dos transformadores 1MVA",
    "responsable": "Carlos Lent - Contratos"
  },
  "CON-2025-0064": {
    "cliente": "CODELCO - División Andina (AND)",
    "descripcion": "COT-2021101-02 / ODS_78 Inspección de transformador 5 MVA por bobina quemada",
    "responsable": "Carlos Lent - Contratos"
  },
  "CON-2025-0081": {
    "cliente": "CODELCO - División Andina (AND)",
    "descripcion": "COT-2021101-02 / ODS_79 Inspección y mantenimiento básico de transformador 15 MVA, RHONA N° 18820 en taller Lubrisider",
    "responsable": "Carlos Lent - Contratos"
  },
  "CON-2025-0082": {
    "cliente": "CODELCO - División Andina (AND)",
    "descripcion": "COT-2021101-02 / ODS_80 Urgencia por ayuda en retiro de radiadores en transformador TM2 que llegara a taller.",
    "responsable": "Carlos Lent - Contratos"
  },
  "CON-2025-0088": {
    "cliente": "CODELCO - División Andina (AND)",
    "descripcion": "COT-2021101-02 / ODS_81 Servicio de toma de muestras",
    "responsable": "Carlos Lent - Contratos"
  },
  "CON-2025-0089": {
    "cliente": "CODELCO - División El Teniente (DET)",
    "descripcion": "COT-2021101-02 / Servicio de emergencia retiro transformador vdf 507, N°20010009-02",
    "responsable": "Carlos Lent - Contratos"
  },
  "CON-2025-0079": {
    "cliente": "Minera Escondida BHP MEL",
    "descripcion": "COT-2021349-11 / ODS 59_ SD LS L1_25 DE JUNIO",
    "responsable": "Hector Leiva - Contratos"
  },
  "CON-2025-0094": {
    "cliente": "MINERA ESCONDIDA BHP Billiton",
    "descripcion": "COT-2021349-11 / ODS 60_DGP LC 160625",
    "responsable": "Hector Leiva - Contratos"
  },
  "CON-2025-0034": {
    "cliente": "MINERA ANTUCOYA",
    "descripcion": "COT-2023307-00 / ODS_12 Trabajos anuales de muestras de aceite y mediciones de malla a tierra",
    "responsable": "Carlos Lent - Contratos"
  },
  "CON-2025-0090": {
    "cliente": "MINERA ANTUCOYA",
    "descripcion": "COT-2023307-00 / ODS_14 Toma de muestra y análisis de aceite",
    "responsable": "Carlos Lent - Contratos"
  },
  "SER-2025-0035": {
    "cliente": "ENGIE ENERGIA CHILE S.A.",
    "descripcion": "COT-2023900-00 / ODS SN /SERV. SUMINISTRO y REEMPLAZO RELE SOBRE PRESION DE ACEITE EN PARQUE SAN PEDRO",
    "responsable": "Hector Leiva - Contratos"
  },
  "CON-2025-0069": {
    "cliente": "SIERRA GORDA SOCIEDAD CONTRACTUAL MINERA",
    "descripcion": "COT-2025114-02 / ODS_01 Chequeo de fugas y tratamiento de aceite",
    "responsable": "Daniel Moragas - Contratos"
  },
  "CON-2025-0087": {
    "cliente": "SQM INDUSTRIAL S.A.",
    "descripcion": "COT-2025122-01 / ODS_05 Mtto Correctivo TR Secado L4 SQM",
    "responsable": "Daniel Moragas - Contratos"
  },
  "SER-2025-0051": {
    "cliente": "SIEMENS ENERGY SpA",
    "descripcion": "COT-2025131-01 / 01 TR Zig-Zag Traslado e instalación ",
    "responsable": "Daniel Moragas - Contratos"
  },
  "SER-2025-0067": {
    "cliente": "Capstone Copper Mantos Blancos",
    "descripcion": "COT-2025150-01 / Ser. de Mantención- CAPSTONE COPPER - MANTOS BLANCOS",
    "responsable": "Sebastián Gómez - Contratos"
  },
  "SER-2025-0041": {
    "cliente": "SIEMENS S.A.",
    "descripcion": "COT-2025169-00 / Ensayos Eléctricos a Transformador Seco Rhona de 2000 KVA 33/0,6 kV, Div. El Teniente",
    "responsable": "Carlos Lent - Contratos"
  },
  "SER-2025-0058": {
    "cliente": "SIEMENS S.A.",
    "descripcion": "COT-2025238-00 / Ensayos Eléctricos a Transformador Seco Rhona de 1.250 KVA 33/0,6 kV",
    "responsable": "Carlos Lent - Contratos"
  },
  "SER-2025-0068": {
    "cliente": "OCCIDENTAL CHEMICAL CHILE",
    "descripcion": "COT-2025257-01 / Cambio Empaquetadura Transf/Rec 221-BC1",
    "responsable": "Hector Leiva - Contratos"
  },
  "SER-2025-0077": {
    "cliente": "COXABENGOA",
    "descripcion": "COT-2025266-01 / Montaje, llenado y pruebas de dos (02) transformadores 220 / 33; 40 MVA en Subestación Mauro de Minera Los Pelambres.",
    "responsable": "Carlos Lent - Contratos"
  },
  "SER-2025-0064": {
    "cliente": "SIEMENS S.A.",
    "descripcion": "COT-2025275-00 / Armado de transformador seco COMTRAFO 33/0,6 kV – 2.000 KVA, en taller.",
    "responsable": "Carlos Lent - Contratos"
  },
  "SER-2025-0089": {
    "cliente": "Capstone Copper Mantos Blancos",
    "descripcion": "COT-2025321-02 / Servicio de mantención de SE principal 220 kV MB y mantención a transformadores",
    "responsable": "Carlos Lent - Contratos"
  },
  "SER-2025-0074": {
    "cliente": "COXABENGOA",
    "descripcion": "COT-2025346-00 / Servicio de descarga y posicionamiento de dos (02) transformador 220 / 33; 40 MVA en Subestación Mauro de Minera Los Pelambres.",
    "responsable": "Carlos Lent - Contratos"
  },
  "SER-2025-0092": {
    "cliente": "SIEMENS S.A.",
    "descripcion": "COT-2025366-00 / Repetición servicio de ensayos eléctricos a Transformador NT02",
    "responsable": "Carlos Lent - Contratos"
  },
  "SER-2025-0073": {
    "cliente": "SIEMENS S.A.",
    "descripcion": "COT-2025366-00 / Servicio de Ensayos Eléctricos a Transformador NT02",
    "responsable": "Carlos Lent - Contratos"
  },
  "SER-2025-0090": {
    "cliente": "SIEMENS S.A.",
    "descripcion": "COT-2025469-00 / Pruebas eléctricas a transformador seco ",
    "responsable": "Carlos Lent - Contratos"
  },
  "SER-2025-0091": {
    "cliente": "TRAFO ENERGY S.A.",
    "descripcion": "COT-2025478-00 / Garantía Trafo Chacabuco TR 3125 KVA, 23.000/600 V",
    "responsable": "Carlos Lent - Contratos"
  },
  "LAB-2025-0013": {
    "cliente": "CAF TURNKEY & ENGINEERING, S.L., DE, Jonathan Navarrete Rojas",
    "descripcion": "COT-LB2025274-00 / CAF TURNKEY / Ser. Toma de Muestras /Mejillones",
    "responsable": "Daniel Moragas - Contratos"
  },
  "LAB-2025-0014": {
    "cliente": "CAF TURNKEY & ENGINEERING, S.L., DE, Jonathan Navarrete Rojas",
    "descripcion": "COT-LB2025274-00 / CAF TURNKEY / Ser. Toma de Muestras /Ovalle",
    "responsable": "Daniel Moragas - Contratos"
  },
  "LAB-2025-0016": {
    "cliente": "CMPC planta Pacifico",
    "descripcion": "COT-LB2025451-00 /  04 Tom muestras CMPC",
    "responsable": "Daniel Moragas - Contratos"
  },
  "LAB-2025-0017": {
    "cliente": "ENEL GREEN POWER SOL LILA",
    "descripcion": "COT-LB2025465-01 / Tom Muestras PFV Sol de Lila",
    "responsable": "Daniel Moragas - Contratos"
  },
  "CON-2025-0018": {
    "cliente": "CODELCO - División Andina (AND)",
    "descripcion": "COT-2021101-02 / ODS_73 Trabajos por parada de planta Abril 2025",
    "responsable": "Carlos Lent - Contratos"
  },
  "SER-2025-0029": {
    "cliente": "SIEMENS ENERGY SpA",
    "descripcion": "COT-2025069-00 / Puerto Antofagasta Inspección y pruebas a 02 ATR en ",
    "responsable": "Daniel Moragas - Contratos"
  },
  "SER-2025-0085": {
    "cliente": "ENFRAGEN",
    "descripcion": "COT-2025334-00 / Adicionales Mantencion TR 2 MVA - Antay",
    "responsable": "Carlos Lent - Contratos"
  },
  "SER-2025-0084": {
    "cliente": "ENFRAGEN",
    "descripcion": "COT-2025375-00 / Mantención correctiva TR  3125 KVA, 23.000/600 Volts.",
    "responsable": "Carlos Lent - Contratos"
  },
  "SER-2025-0086": {
    "cliente": "ENFRAGEN",
    "descripcion": "COT-2025388-00 / Ensayos eléctricos TR 3125 kVA Chacabuco",
    "responsable": "Carlos Lent - Contratos"
  },
  "SER-2025-0030": {
    "cliente": "SIEMENS ENERGY SpA",
    "descripcion": "COT-2025069-00 / SE Horizonte II Inspección y pruebas a 02 ATR ",
    "responsable": "Daniel Moragas - Contratos"
  },
  "CON-2025-0084": {
    "cliente": "CODELCO - División Salvador",
    "descripcion": "COT-2023537-03 / ODS 23_ TM y Analisis de Aceite (SUMINISTROS)",
    "responsable": "Hector Leiva - Contratos"
  },
  "CON-2025-0093": {
    "cliente": "Enap Aconcagua",
    "descripcion": "COT-2023958-00 / Despacho Transformador Schaffner (SER-2024-561)",
    "responsable": "Hector Leiva - Contratos"
  },
  "SER-2025-0056": {
    "cliente": "ENEL DISTRIBUCION CHILE S.A.",
    "descripcion": "COT-2024607-00 / ODS_25 Mantenimiento Correctivo ATR _ S CDXS 01-2023_ Enel Distribución",
    "responsable": "Rodrigo Brito - Contratos"
  },
  "SER-2025-0050": {
    "cliente": "SIEMENS ENERGY SpA",
    "descripcion": "COT-2025131-01 / 01 TR Zig-Zag Inspección en Taller",
    "responsable": "Daniel Moragas - Contratos"
  },
  "SER-2025-0075": {
    "cliente": "WEG CHILE SPA",
    "descripcion": "COT-2025225-00 / Servicio de cambio de CST de Transformador WEG 20 MVA",
    "responsable": "Hector Leiva - Contratos"
  },
  "CON-2025-0076": {
    "cliente": "CODELCO - División Salvador",
    "descripcion": "COT-2025291-00 / ODS 30_ Filtrado y Cambio de Aceite Tr aéreos Est. de Bombeo",
    "responsable": "Hector Leiva - Contratos"
  },
  "CON-2025-0092": {
    "cliente": "ENAP Bio Bio",
    "descripcion": "ODS 21_Toma de muestras y análisis de aceite (Junio-25)",
    "responsable": "Hector Leiva - Contratos"
  },
  "SER-2025-0088": {
    "cliente": "TINGUIRIRICA ENERGÍA",
    "descripcion": "COT-2025429-00 / Ensayos eléctricos y toma de muestra Tinguiririca",
    "responsable": "Daniel Moragas - Contratos"
  },
  "SER-2025-0072": {
    "cliente": "CIA CONTRACTUAL MINERA CANDELARIA",
    "descripcion": "COT 2024710-00 Rev.1 / Transformador MT–7.5 MVA.",
    "responsable": "Hector Leiva - Contratos"
  },
  "SER-2025-0061": {
    "cliente": "ENEL",
    "descripcion": "COT-2025140-00 / SERV. MANTENIMIENTO CTBC TRANSFORMADOR REGULADOR",
    "responsable": "Hector Leiva - Contratos"
  },
  "SER-2025-0070": {
    "cliente": "ENFRAGEN",
    "descripcion": "COT-2025283-00 / Servicio de Traslado, Inspeccion y Diagnostico / ENFRAGEN",
    "responsable": "Carlos Lent - Contratos"
  },
  "SER-2025-0069": {
    "cliente": "ENFRAGEN",
    "descripcion": "COT-2025329-03 / Serv. Ensayos Electricos / PRIME Chacabuco",
    "responsable": "Carlos Lent - Contratos"
  },
  "SER-2025-0079": {
    "cliente": "MAESTRANZA Y MECANIZADOS LIMITADA.",
    "descripcion": "COT-2025330-00 / Servicio de Integración Metalmecánica de Subestación Unitaria. (Taller) / Codelco DSAL",
    "responsable": "Hector Leiva - Contratos"
  },
  "SER-2025-0080": {
    "cliente": "MAESTRANZA Y MECANIZADOS LIMITADA.",
    "descripcion": "COT-2025340-00 / Suministro de Instrumentos de Transformador para Integración de Subestación Unitaria",
    "responsable": "Hector Leiva - Contratos"
  },
  "LAB-2025-0010": {
    "cliente": "ELECNOR CHILE",
    "descripcion": "COT-LB2025242-01 (ítem 1) / Toma de Muestras - ELECNOR CHILE",
    "responsable": "Sebastián Gómez - Contratos"
  },
  "CON-2025-0024": {
    "cliente": "CODELCO - División El Teniente (DET)",
    "descripcion": "COT-2021101-02 / ODS_174 Pruebas eléctricas y análisis de aceite a transformador de reemplazo Molino Unitario",
    "responsable": "Carlos Lent - Contratos"
  },
  "CON-2025-0044": {
    "cliente": "CODELCO - División Andina (AND)",
    "descripcion": "COT-2021101-02 / ODS_75 Mantenimiento correctivo Básico dos Transformador 25 kVA Seco en taller Lubrisider",
    "responsable": "Carlos Lent - Contratos"
  },
  "CON-2025-0023": {
    "cliente": "CODELCO - División El Teniente (DET)",
    "descripcion": "COT-2021101-02 / ODS_173 Relleno de aceite a transformadores TCOM",
    "responsable": "Carlos Lent - Contratos"
  },
  "CON-2025-0005": {
    "cliente": "CODELCO - División El Teniente (DET)",
    "descripcion": "COT-2021101-02 / ODS_168 Parada de planta actividades MMSAG y MGA 2025 ",
    "responsable": "Carlos Lent - Contratos"
  },
  "SER-2025-0031": {
    "cliente": "Capstone Copper Mantos Blancos",
    "descripcion": "COT-2024808-01 / Mantención de Salas Eléctricas y Switchgear",
    "responsable": "Carlos Lent - Contratos"
  },
  "CON-2025-0009": {
    "cliente": "CODELCO - División El Teniente (DET)",
    "descripcion": "COT-2021101-02 / ODS_170 Reparación de bombas, tratamiento de aceite y pruebas eléctricas a TR T5 SEColina",
    "responsable": "Carlos Lent - Contratos"
  },
  "SER-2025-0037": {
    "cliente": "SIEMENS S.A.",
    "descripcion": "COT-2025076-01 / Inspección y diagnóstico de falla de transformador TAG 02372-TBT-03 en Taller",
    "responsable": "Carlos Lent - Contratos"
  },
  "CON-2025-0056": {
    "cliente": "ENAP REFINERIA ACONCAGUA - ERA",
    "descripcion": " COT-2022059-00 / ODS _19 Servicio toma de Muestra y Análisis de Aceite",
    "responsable": "Hector Leiva - Contratos"
  },
  "CON-2025-0062": {
    "cliente": "Minera Escondida BHP MEL",
    "descripcion": "COT-2021349-11/ ODS 57_OUT CLS L1 _23 de Abril",
    "responsable": "Hector Leiva - Contratos"
  },
  "CON-2025-0080": {
    "cliente": "ENAP Bio Bio",
    "descripcion": "COT-2021629-01 / ODS20_ Cambio de Aceite 2 tr SH-8 /MEROX",
    "responsable": "Hector Leiva - Contratos"
  },
  "CON-2025-0038": {
    "cliente": "Minera Escondida BHP MEL",
    "descripcion": "COT-2023413-04 / ODS 54 / SD  LS L2 - 26 de Marzo",
    "responsable": "Hector Leiva - Contratos"
  },
  "CON-2025-0066": {
    "cliente": "ENEL DISTRIBUCION CHILE S.A.",
    "descripcion": "COT-2023643-05 / ODS_32 Toma muestras PCB y Limp. Bateas / Enel Distribución ",
    "responsable": "Rodrigo Brito - Contratos"
  },
  "CON-2025-0083": {
    "cliente": "ENEL DISTRIBUCION CHILE S.A.",
    "descripcion": "COT-2023643-05 / ODS_33 Toma muestras PCB / Enel Distribución / Inspección y diagnóstico 2 TD",
    "responsable": "Rodrigo Brito - Contratos"
  },
  "CON-2025-0045": {
    "cliente": "MINERA CENTINELA - Antofagasta Minerals",
    "descripcion": "COT-2023825-01 / Mantenimiento Mayor mayo Planta GMD Contrato 4540007295 MCEN",
    "responsable": "Rodrigo Brito - Contratos"
  },
  "SER-2025-0053": {
    "cliente": "ENEL DISTRIBUCION CHILE S.A.",
    "descripcion": "COT-2024607-00 / ODS_22 Mantenimiento Correctivo ATR _ S CDXS 01-2023_ Enel Distribución",
    "responsable": "Rodrigo Brito - Contratos"
  },
  "SER-2025-0054": {
    "cliente": "ENEL DISTRIBUCION CHILE S.A.",
    "descripcion": "COT-2024607-00 / ODS_23 Mantenimiento Correctivo ATR _ S CDXS 01-2023_ Enel Distribución",
    "responsable": "Rodrigo Brito - Contratos"
  },
  "CON-2025-0037": {
    "cliente": "Minera caserones",
    "descripcion": "COT-2024673-00 / ODS 8 / SD ABRIL 2025 (CONCENTRADORA)",
    "responsable": "Hector Leiva - Contratos"
  },
  "CON-2025-0075": {
    "cliente": "ENAP REFINERIA ACONCAGUA - ERA",
    "descripcion": "COT-2025080-01 / ODS 22_Reparacion Caja de Conexión/ Toppin",
    "responsable": "Hector Leiva - Contratos"
  },
  "CON-2025-0068": {
    "cliente": "ENAP REFINERIA ACONCAGUA - ERA",
    "descripcion": "COT-2025080-01 / ODS _21: Servicio de cambio aceite 6 Tr / Topping 1",
    "responsable": "Hector Leiva - Contratos"
  },
  "SER-2025-0049": {
    "cliente": "SIEMENS ENERGY SpA",
    "descripcion": "COT-2025131-01 / 01 TR Zig-Zag Carga y Traslado ",
    "responsable": "Daniel Moragas - Contratos"
  },
  "SER-2025-0062": {
    "cliente": "SIEMENS ENERGY SpA",
    "descripcion": "COT-2025233-01 / OC_4500044037 Siemens Energy Spa Pruebas ensayos SFRA 02 Transformadores MCEN",
    "responsable": "Rodrigo Brito - Contratos"
  },
  "SER-2025-0076": {
    "cliente": "ENGIE",
    "descripcion": "COT-2025326-01 / Serv. de Mantenimiento correctivo de 02 transformadores CHINT",
    "responsable": "Hector Leiva - Contratos"
  },
  "SER-2025-0087": {
    "cliente": "SIEMSA CHILE SPA",
    "descripcion": "COT-2025408-00 / Servicio de Pruebas Eléctricas PFV Elena/Siemsa Chile",
    "responsable": "Rodrigo Brito - Contratos"
  },
  "SER-2025-0082": {
    "cliente": "GENERADORA METROPOLITANA SPA",
    "descripcion": "COT-2025424-00 rev.1 / Serv. Eliminación Filtración Bushing CH3 Transformador Principal Central Renca/ Generadora Metropolitana",
    "responsable": "Rodrigo Brito - Contratos"
  },
  "SER-2025-0083": {
    "cliente": "ENEL DISTRIBUCION CHILE S.A.",
    "descripcion": "COT-2025430-00 / ODS 34_Inspección y Diagnóstico en terreno (Renca)/Enel Distribución.",
    "responsable": "Rodrigo Brito - Contratos"
  },
  "SER-2025-0055": {
    "cliente": "ENEL DISTRIBUCION CHILE S.A.",
    "descripcion": "COT-2024607-00 / ODS_24 Mantenimiento Correctivo ATR _ S CDXS 01-2023_ Enel Distribución",
    "responsable": "Rodrigo Brito - Contratos"
  },
  "SER-2025-0028": {
    "cliente": "SIEMENS ENERGY SpA",
    "descripcion": "COT-2025068-01 / SE Celda Solar Inspección y pruebas a 01 ATR ",
    "responsable": "Daniel Moragas - Contratos"
  },
  "SER-2025-0042": {
    "cliente": "ENEL DISTRIBUCION CHILE S.A.",
    "descripcion": "COT-2025046-00 / Inspección y Diagnóstico ATR PM 1 serie 233012013 Enel Distribución",
    "responsable": "Rodrigo Brito - Contratos"
  },
  "CON-2025-0077": {
    "cliente": "SQM COYA SUR",
    "descripcion": "COT-LB2023880-01 / ODS_04 Servicio Toma de Muestras",
    "responsable": "Daniel Moragas - Contratos"
  },
  "SER-2025-0043": {
    "cliente": "ENEL DISTRIBUCION CHILE S.A.",
    "descripcion": "COT-2025051-00 / Inspección y Diagnóstico ATR PM 2 serie 58420 Enel Distribución",
    "responsable": "Rodrigo Brito - Contratos"
  },
  "SER-2025-0044": {
    "cliente": "ENEL DISTRIBUCION CHILE S.A.",
    "descripcion": "COT-2025176-00 / Reparación de bisagra ATR PM 3 Serie 244382015 Enel Distribución   ",
    "responsable": "Rodrigo Brito - Contratos"
  },
  "LAB-2025-0015": {
    "cliente": "SIERRA GORDA SOCIEDAD CONTRACTUAL MINERA",
    "descripcion": "COT-LB2025118-02 / Analisis de aceites",
    "responsable": "Daniel Moragas - Contratos"
  },
  "CON-2025-0065": {
    "cliente": "SQM COYA SUR",
    "descripcion": "COT-2025124-02 / ODS_03 Reparación Trafo Coya Sur",
    "responsable": "Daniel Moragas - Contratos"
  },
  "CON-2025-0067": {
    "cliente": "SQM COYA SUR",
    "descripcion": "COT-2025123-01 / ODS_02 Reparación Trafo SE Maria Elena",
    "responsable": "Daniel Moragas - Contratos"
  },
  "SER-2025-0059": {
    "cliente": "GETRA POWER SPA",
    "descripcion": "COT-2025136 - 00 / Ser. Inspección de 09 Transformadores Marca Getra",
    "responsable": "Daniel Moragas - Contratos"
  },
  "CON-2025-0036": {
    "cliente": "CODELCO - División El Teniente (DET)",
    "descripcion": "COT-2021101-02 / ODS_ 179 Pruebas eléctricas y toma de muestra urgente transformador 110-XF-05 planta ACB",
    "responsable": "Carlos Lent - Contratos"
  },
  "CON-2025-0035": {
    "cliente": "CODELCO - División Andina (AND)",
    "descripcion": "COT-2021101-02 / ODS_74 Inspección a Transformador TM6",
    "responsable": "Carlos Lent - Contratos"
  },
  "CON-2025-0013": {
    "cliente": "CODELCO - División El Teniente (DET)",
    "descripcion": "COT-2022398-01 / ODS_08 Mantenimiento parada de planta GFUN",
    "responsable": "Carlos Lent - Contratos"
  },
  "SER-2025-0020": {
    "cliente": "CODELCO - División El Teniente (DET)",
    "descripcion": "COT-2022398-01 / ODS_12 Pruebas de emergencia transformador GFUN",
    "responsable": "Carlos Lent - Contratos"
  },
  "CON-2025-0031": {
    "cliente": "CODELCO - División El Teniente (DET)",
    "descripcion": "COT-2021101-02 / ODS_178 Relleno e inspección de filtración transformador SIC 2",
    "responsable": "Carlos Lent - Contratos"
  },
  "CON-2025-0030": {
    "cliente": "CODELCO - División El Teniente (DET)",
    "descripcion": "COT-2021101-02 / ODS_177 Toma de muestra transformador 250-US-110",
    "responsable": "Carlos Lent - Contratos"
  },
  "SER-2025-0034": {
    "cliente": "SIEMENS S.A.",
    "descripcion": "COT-2025130-02 / Servicio de Asistencia en energización de Transformador Seco Rhona de 2000 KVA 33/0,6 kV",
    "responsable": "Carlos Lent - Contratos"
  },
  "SER-2025-0021": {
    "cliente": "SIEMENS S.A.",
    "descripcion": "COT-2025064-00 / Inspección 02 TR 300 KVA Minera SPENCE",
    "responsable": "Carlos Lent - Contratos"
  },
  "LAB-2025-0008": {
    "cliente": "ENEL GENERACION",
    "descripcion": "COT-LB2021578-00 / ODS_62 Lab. Central Pilmaiquén / Enel Generación",
    "responsable": "Rodrigo Brito - Contratos"
  },
  "SER-2025-0022": {
    "cliente": "SIEMENS S.A.",
    "descripcion": "COT-2025105-01 / Ensayos Eléctricos TR Seco",
    "responsable": "Carlos Lent - Contratos"
  },
  "CON-2025-0001": {
    "cliente": "CODELCO - División El Teniente (DET)",
    "descripcion": "COT-2022398-01 / ODS_09 Personal fijo en terreno GFUN ",
    "responsable": "Carlos Lent - Contratos"
  },
  "CON-2025-0047": {
    "cliente": "Minera Escondida BHP MEL",
    "descripcion": "COT-2021349-11/ ODS 56_ Out LC L3-20 de Marzo",
    "responsable": "Hector Leiva - Contratos"
  },
  "CON-2025-0060": {
    "cliente": "CORPORACION NACIONAL DEL COBRE DE CHILE, DIVISIÓN EL SALVADOR (DSAL)",
    "descripcion": "COT-2023537-04 / ODS 25 Rev 1_ Mant. TR OCREV 68411_ 5500 kVA_Hidroelectrica Salvador",
    "responsable": "Hector Leiva - Contratos"
  },
  "CON-2025-0041": {
    "cliente": "CODELCO - División Salvador",
    "descripcion": "COT-2023537-04 / PPT - 2025029  / ODS 27_MANTENCION TALLER SEU 102 ",
    "responsable": "Hector Leiva - Contratos"
  },
  "CON-2025-0042": {
    "cliente": "CODELCO - División Salvador",
    "descripcion": "COT-2023537-04 / PPT - 2025030  / ODS 28_MANTENCION TALLER SEU 103  ",
    "responsable": "Hector Leiva - Contratos"
  },
  "CON-2025-0040": {
    "cliente": "CODELCO - División Salvador",
    "descripcion": "COT-2023537-04 / PPT- 2025028 / ODS 26_MANTENCION TALLER SEU 101",
    "responsable": "Hector Leiva - Contratos"
  },
  "CON-2025-0032": {
    "cliente": "ENEL DISTRIBUCION CHILE S.A.",
    "descripcion": "COT-2023643-05 / ODS_30 Diagnósticos ATRs (10u) Los Fresnos / Enel Distribución",
    "responsable": "Rodrigo Brito - Contratos"
  },
  "CON-2025-0050": {
    "cliente": "ENEL DISTRIBUCION CHILE S.A.",
    "descripcion": "COT-2023643-05 / ODS_31 Toma de muestras PCB Los Fresnos/ Enel Distribución",
    "responsable": "Rodrigo Brito - Contratos"
  },
  "CON-2025-0046": {
    "cliente": "MINERA CENTINELA - Antofagasta Minerals",
    "descripcion": "COT-2023825-02 / Mantenimiento Mayor mayo Planta Sulfuros Contrato 4540007296 MCEN",
    "responsable": "Rodrigo Brito - Contratos"
  },
  "SER-2025-0052": {
    "cliente": "ENEL DISTRIBUCION CHILE S.A.",
    "descripcion": "COT-2024607-00 / ODS_21 Mantenimiento Correctivo ATR _ S CDXS 01-2023_ Enel Distribución",
    "responsable": "Rodrigo Brito - Contratos"
  },
  "SER-2025-0040": {
    "cliente": "FERROVIAL ENERGIA",
    "descripcion": "COT-2025011-02 / ODS_1 Ferrovial Energía Servicio de llenado, tratamiento y ensayos eléctricos SE Palafitos Iquique",
    "responsable": "Rodrigo Brito - Contratos"
  },
  "SER-2025-0039": {
    "cliente": "GEME Central Los Vientos",
    "descripcion": "COT-2025095-00 / Ser. Manten y Ensayos - GEME Central Los Vientos",
    "responsable": "Sebastián Gómez - Contratos"
  },
  "SER-2025-0065": {
    "cliente": "CEMENTOS MELÓN",
    "descripcion": "COT-2025282-00 /  Relleno - Tratamiento - Toma de Muestras Aceite / CEMENTOS MELON",
    "responsable": "Sebastián Gómez - Contratos"
  },
  "SER-2025-0071": {
    "cliente": "CEMENTOS MELÓN",
    "descripcion": "COT-2025282-00 / Examenes Preocupacionales / CEMENTOS MELON",
    "responsable": "Sebastián Gómez - Contratos"
  },
  "LAB-2025-0012": {
    "cliente": "CBB CEMENTOS READYMIX LTD",
    "descripcion": "COT-LB2024651-00 - CEMENTOS BIOBIO- Planta TENO -Toma de Muestras",
    "responsable": "Sebastián Gómez - Contratos"
  },
  "LAB-2025-0009": {
    "cliente": "CELULOSA ARAUCO Y CONSTITUCION S.A.",
    "descripcion": "COT-LB2024732-00 / Ser. Toma de Muestras - Planta Arauco Valdivia (4 Contramuestras)",
    "responsable": "Sebastián Gómez - Contratos"
  },
  "SER-2025-0046": {
    "cliente": "SIEMENS ENERGY SpA",
    "descripcion": "COT-LB2024793-00 / Servicio toma de muestra y análisis de aceite a 59 transformadores",
    "responsable": "Hector Leiva - Contratos"
  },
  "SER-2025-0066": {
    "cliente": "ARAUCO NUEVA ALDEA",
    "descripcion": "OS 15598-04-2025 - Serv. de Relleno / Arauco Nueva Aldea",
    "responsable": "Sebastián Gómez - Contratos"
  },
  "CON-2025-0020": {
    "cliente": "Minera Escondida BHP MEL",
    "descripcion": "COT-2021349-11 / ODS_52 / Lubrisider - Out LS L1 -  26 de feb",
    "responsable": "Hector Leiva - Contratos"
  },
  "SER-2025-0008": {
    "cliente": "ENGIE",
    "descripcion": "COT-2024532-03 / Etapa 2 - Traslado y Posicionamiento Transformador Engie Mejillones",
    "responsable": "Daniel Moragas - Contratos"
  },
  "SER-2025-0033": {
    "cliente": "GENERADORA METROPOLITANA SPA",
    "descripcion": "COT-2025022-00 / OC_388870 Serv. Pruebas Eléctricas Central Sta. Lidia / Gen. Metropolitana ",
    "responsable": "Rodrigo Brito - Contratos"
  },
  "LAB-2025-0004": {
    "cliente": "EKA CHILE S.A.",
    "descripcion": "COT-LB2024803-00 / Toma de Muestras - EKA CHILE - Talcahuano",
    "responsable": "Sebastián Gómez - Contratos"
  },
  "CON-2025-0019": {
    "cliente": "GEME - GENERADORA METROPOLITANA",
    "descripcion": "COT-2024525-02 / ODS_01 / CEME1 Muestreo de Aceite 68 TR",
    "responsable": "Daniel Moragas - Contratos"
  },
  "SER-2025-0057": {
    "cliente": "ENEL DISTRIBUCION CHILE S.A.",
    "descripcion": "COT-2024607-00 / ODS_26 Mantenimiento Correctivo ATR _ S CDXS 01-2023_ Enel Distribución",
    "responsable": "Rodrigo Brito - Contratos"
  },
  "SER-2025-0027": {
    "cliente": "SIEMENS ENERGY SpA",
    "descripcion": "COT-2025093-00 / OC_4500043448 Serv. sum. aceite SE Quillagua / SIEMENS Energy SpA Antof. ",
    "responsable": "Rodrigo Brito - Contratos"
  },
  "LAB-2025-0005": {
    "cliente": "CODELCO - División Andina (AND)",
    "descripcion": "COT-2021101-02 / ODS_72 Toma de muestra urgente Transformador T3 SE Cordillera",
    "responsable": "Carlos Lent - Contratos"
  },
  "CON-2025-0011": {
    "cliente": "ENAP REFINERIA ACONCAGUA - ERA",
    "descripcion": "COT-2022059-00 / ODS 13/  SERVICIO de Mantención T1 /SE MAUCO ",
    "responsable": "Hector Leiva - Contratos"
  },
  "CON-2025-0039": {
    "cliente": "ENAP REFINERIA S.A., REFINERÍA ACONCAGUA",
    "descripcion": "COT-2022059-00 / ODS 18_ TR 64",
    "responsable": "Hector Leiva - Contratos"
  },
  "SER-2025-0081": {
    "cliente": "HITACHI ENERGY CHILE S.A.",
    "descripcion": "COT-2025418-00 / Asistencia técnica para inspección de relé Buchholz",
    "responsable": "Daniel Moragas - Contratos"
  },
  "CON-2025-0004": {
    "cliente": "MINERA CENTINELA",
    "descripcion": "COT-2023825-01 / ODS_8 Servicio de mantenimiento SD enero 2025 / Planta GMD CEN",
    "responsable": "Rodrigo Brito - Contratos"
  },
  "SER-2025-0036": {
    "cliente": "TRAFO ENERGY S.A.",
    "descripcion": "COT-2025146-00 / Supervicion de Trabajos en Horario Extendido",
    "responsable": "Daniel Moragas - Contratos"
  },
  "CON-2025-0028": {
    "cliente": "Minera Escondida BHP MEL",
    "descripcion": "COT-2021349-11 / ODS 53 / SD LC L2 - 12 MARZO",
    "responsable": "Hector Leiva - Contratos"
  },
  "CON-2025-0006": {
    "cliente": "COMPANIA MINERA LOMAS BAYAS",
    "descripcion": "COT-2024575-01 / MAN Y REG 02 TRS - SIERRA GORDA - LOMAS BAYAS  ",
    "responsable": "Carlos Lent - Contratos"
  },
  "SER-2025-0078": {
    "cliente": "ENEL",
    "descripcion": "COT-2025377-01 / Servicio de medición de humedad y rigidez en terreno",
    "responsable": "Daniel Moragas - Contratos"
  },
  "CON-2025-0029": {
    "cliente": "ENAP REFINERIA ACONCAGUA - ERA",
    "descripcion": "COT-2022059-00 / ODS 17 /Cambio Válvula Tr-59 / SH17 (Planta Coker)",
    "responsable": "Hector Leiva - Contratos"
  },
  "SER-2025-0045": {
    "cliente": "Generación Solar SPA",
    "descripcion": "COT-2025184-00 / Servicio de relleno de aceite",
    "responsable": "Daniel Moragas - Contratos"
  },
  "CON-2025-0061": {
    "cliente": "CORPORACION NACIONAL DEL COBRE DE CHILE, DIVISIÓN EL SALVADOR (DSAL)",
    "descripcion": "COT-2025291-00 / ODS 29_SERVICIO: Ingeniería para integración de transformador en SEU",
    "responsable": "Hector Leiva - Contratos"
  },
  "LAB-2024-0001": {
    "cliente": "POWER CHINA",
    "descripcion": "COT-LB2024804-01 / TM AN 01 ATR S.E. LO AGUIRRE - POWER CHINA",
    "responsable": "Sebastián Gómez - Contratos"
  },
  "CON-2025-0022": {
    "cliente": "CODELCO - División Salvador",
    "descripcion": "COT-2023537-03 / ODS_22 /TM y Analisis de Aceite (CONCENTRADORA)",
    "responsable": "Hector Leiva - Contratos"
  },
  "CON-2025-0003": {
    "cliente": "MINERA CENTINELA",
    "descripcion": "COT-2023825-02 / ODS_6 Servicio de mantenimiento SD enero 2025 / Planta Sulfuros CEN",
    "responsable": "Rodrigo Brito - Contratos"
  },
  "SER-2025-0003": {
    "cliente": "ENGIE",
    "descripcion": "COT-2024185-00 / Mantención Correctiva Transformador MT2 Subestación Central Laja",
    "responsable": "Daniel Moragas - Contratos"
  },
  "SER-2025-0032": {
    "cliente": "CERRO DOMINADOR PV",
    "descripcion": "COT-2024529-00 / OC_124 Mantenimiento (2u) en taller Trafo Energy / Cerro Dominador PV.",
    "responsable": "Rodrigo Brito - Contratos"
  },
  "SER-2025-0001": {
    "cliente": "PRIME ENERGIA SpA",
    "descripcion": "COT-2024632-00 / Rev.1Aceite a Transformador CT2 de 3125 kVA ",
    "responsable": "Sebastián Gómez - Contratos"
  },
  "SER-2025-0038": {
    "cliente": "HITACHI ENERGY CHILE S.A.",
    "descripcion": "COT-2024812-01 / SE Santa Teresa Lampa Armado 02 TR",
    "responsable": "Daniel Moragas - Contratos"
  },
  "SER-2025-0047": {
    "cliente": "HITACHI ENERGY CHILE S.A.",
    "descripcion": "COT-2024357-01 & COT-2024243-02 / SE Móvil LLenado y Pruebas en Antofagasta",
    "responsable": "Daniel Moragas - Contratos"
  },
  "SER-2025-0014": {
    "cliente": "SIEMENS S.A.",
    "descripcion": "COT-2025048-00 / Ensayos Eléctricos - SIEMENS S.A - Rancagua",
    "responsable": "Sebastián Gómez - Contratos"
  },
  "SER-2025-0006": {
    "cliente": "ENGIE",
    "descripcion": " COT-2024541-01 / ENGIE Tocopilla Pruebas Eléctricas ATR2 ",
    "responsable": "Daniel Moragas - Contratos"
  },
  "CON-2025-0008": {
    "cliente": "ENAP REFINERIA S.A., REFINERÍA BIOBÍO",
    "descripcion": "COT-2021629-01 / ODS 16 / MANTENCION TR 1502 ",
    "responsable": "Hector Leiva - Contratos"
  },
  "CON-2025-0021": {
    "cliente": "CODELCO - División Salvador",
    "descripcion": "COT-2023537-03 / ODS_21/ TM y Análisis de Aceite (HIDROMETALURGIA)",
    "responsable": "Hector Leiva - Contratos"
  },
  "SER-2025-0010": {
    "cliente": "TECK QUEBRADA BLANCA",
    "descripcion": "COT-2024724-00 / CAPACITACION TM AN - TECK (Practica)",
    "responsable": "Sebastián Gómez - Contratos"
  },
  "CON-2025-0017": {
    "cliente": "SQM COYA SUR",
    "descripcion": "COT-2023321-02 / ODS_07 SQM SE La Cruz Mantención",
    "responsable": "Daniel Moragas - Contratos"
  },
  "SER-2025-0009": {
    "cliente": "TECK QUEBRADA BLANCA",
    "descripcion": "COT-2024724-00 / CAPACITACION TM AN - TECK (Teórica)",
    "responsable": "Sebastián Gómez - Contratos"
  },
  "LAB-2025-0003": {
    "cliente": "MOLYMET",
    "descripcion": "COT-LB2024672-00 / Toma de Muestra - MOLYMET - Planta NOS",
    "responsable": "Sebastián Gómez - Contratos"
  },
  "SER-2025-0005": {
    "cliente": "ENGIE",
    "descripcion": "COT-2024541-01 / Etapa 2 - Ingeniería de conservador ENGIE Tocopilla + REPUESTOS MR ",
    "responsable": "Daniel Moragas - Contratos"
  },
  "SER-2025-0018": {
    "cliente": "SIEMENS ENERGY SpA",
    "descripcion": "COT-2025042-01 / Serv. de Reparación - SIEMENS ENERGY SPA",
    "responsable": "Sebastián Gómez - Contratos"
  },
  "CON-2025-0015": {
    "cliente": "ENAP REFINERIA S.A., REFINERÍA ACONCAGUA",
    "descripcion": "COT-2022059-00 / ODS_16/  TM Y ANALISIS DE ACEITE",
    "responsable": "Hector Leiva - Contratos"
  },
  "SER-2025-0026": {
    "cliente": "SIEMENS ENERGY SpA",
    "descripcion": "COT-2025068-01 / Inspección y pruebas a 01 ATR en Puerto Angamos",
    "responsable": "Daniel Moragas - Contratos"
  },
  "SER-2025-0019": {
    "cliente": "COLBUN S.A.",
    "descripcion": "COT-LB2025085-00 / Servicio de TM y Analisis - COLBUN",
    "responsable": "Sebastián Gómez - Contratos"
  },
  "SER-2025-0063": {
    "cliente": "ENGIE",
    "descripcion": "COT-2025384-00 / ENGIE Inspección Urgencia PEMR ",
    "responsable": "Daniel Moragas - Contratos"
  },
  "SER-2025-0002": {
    "cliente": "GREENTECH SOLUTIONS SpA",
    "descripcion": "COT-LB2024785-00 / Toma de Muestras - GREENTECH - Casas de Chacabuco",
    "responsable": "Sebastián Gómez - Contratos"
  },
  "SER-2025-0007": {
    "cliente": "ENGIE",
    "descripcion": "COT-2024142-01 / MONTE REDONDO ETAPA 2 - TRATAMIENTO DE ACEITE",
    "responsable": "Daniel Moragas - Contratos"
  },
  "SER-2025-0015": {
    "cliente": "CERRO DOMINADOR",
    "descripcion": "COT-2024711-02 / Servicio de Mantenimiento, Toma de muestra e Instalación DGPT2 (Cerro Dominador) ",
    "responsable": "Sebastián Gómez - Contratos"
  },
  "LAB-2025-0001": {
    "cliente": "ENGIE",
    "descripcion": "COT-LB2024747-00 / Toma de Muestras - ENGIE Lomas Taltal",
    "responsable": "Sebastián Gómez - Contratos"
  },
  "CON-2025-0007": {
    "cliente": "MINERA ESCONDIDA LIMITADA",
    "descripcion": "COT-2021349-11 / ODS 50 / CLC L1- 05 FEBRERO ",
    "responsable": "Hector Leiva - Contratos"
  },
  "CON-2025-0016": {
    "cliente": "ENEL DISTRIBUCION CHILE S.A.",
    "descripcion": "COT-2023643-05 / ODS_28 Toma muestras PCB y Limp. Bateas / Enel Distribución ",
    "responsable": "Rodrigo Brito - Contratos"
  },
  "LAB-2025-0006": {
    "cliente": "ARAUCO",
    "descripcion": "COT-LB2024759-00 / Toma de Muestras - ARAUCO - Constitución",
    "responsable": "Sebastián Gómez - Contratos"
  },
  "CON-2025-0002": {
    "cliente": "MINERA ESCONDIDA LIMITADA",
    "descripcion": "COT-2021349-11 / ODS_48 / Servicio SD LC L3 8 Enero ",
    "responsable": "Cristian Burgos"
  },
  "CON-2025-0014": {
    "cliente": "Minera Escondida BHP MEL",
    "descripcion": "COT-2021349-11 / ODS_51/ OT 418589211 Trasvasije silicona transformadores L2 - LAGUNA",
    "responsable": "Hector Leiva - Contratos"
  },
  "CON-2025-0012": {
    "cliente": "ENAP REFINERIA S.A., REFINERÍA BIOBÍO",
    "descripcion": "COT-2025047-00 / ODS_17/ Retiro y disposición final aceite dieléctrico",
    "responsable": "Hector Leiva - Contratos"
  },
  "CON-2025-0010": {
    "cliente": "MINERA CENTINELA - Antofagasta Minerals",
    "descripcion": "COT-2023825-02 / ODS_5 Ensayo eléctrico, toma de muestras bodega / Planta Sulfuros CEN ",
    "responsable": "Rodrigo Brito - Contratos"
  },
  "SER-2025-0017": {
    "cliente": "EGS Power",
    "descripcion": "COT-2025075-01 / Ser. Ensayos Electricos - Valle Escondido Tierra Amarilla",
    "responsable": "Sebastián Gómez - Contratos"
  }
}